"","out_B14.5.fq.gz.bam","out_B15.5.fq.gz.bam","out_B17.5.fq.gz.bam","out_B20.fq.gz.bam","out_B34.fq.gz.bam","out_C14.5.fq.gz.bam","out_C15.5.fq.gz.bam","out_C17.5.fq.gz.bam","out_C20.fq.gz.bam","out_C34.fq.gz.bam"
"MSTRG.1",0,0,0,1,0,0,0,0,1,0
"MSTRG.2",12,10,28,15,15,11,13,18,18,6
"MSTRG.3",0,0,0,0,0,0,0,0,0,0
"MSTRG.4",0,0,0,0,0,0,0,0,0,0
"MSTRG.5",0,0,0,0,0,0,0,0,0,0
"MSTRG.6",0,0,0,0,0,0,0,0,0,0
"MSTRG.7",0,0,0,0,0,0,0,0,0,0
"MSTRG.8",2,3,23,13,39,0,4,3,5,6
"MSTRG.9",21,13,43,26,25,23,24,37,20,19
"MSTRG.10",14,20,25,23,17,13,15,7,16,5
"MSTRG.11",13,17,11,14,9,13,12,9,14,17
"MSTRG.12",240,237,209,194,169,215,198,213,219,197
"MSTRG.13",392,316,265,310,263,285,355,400,296,289
"MSTRG.14",477,410,512,573,509,497,524,316,729,444
"MSTRG.15",6,4,12,6,15,2,9,4,3,2
"MSTRG.16",2,4,9,10,3,5,9,13,8,3
"MSTRG.17",11,25,14,33,38,8,12,68,55,12
"MSTRG.18",2856,2322,2266,1986,1458,2484,1964,1386,1765,1803
"MSTRG.19",108,116,101,100,73,91,104,40,67,134
"MSTRG.20",0,0,0,0,0,0,0,0,0,0
"MSTRG.21",0,0,0,0,1,2,0,0,0,1
"MSTRG.22",0,0,0,0,0,0,0,0,0,0
"MSTRG.23",486,435,430,265,181,290,306,187,288,126
"MSTRG.24",2,3,2,2,1,2,0,0,2,1
"MSTRG.25",35,35,23,25,21,26,10,17,10,23
"MSTRG.26",381,423,519,436,609,299,370,457,380,270
"MSTRG.27",9,7,11,8,3,13,8,13,5,1
"MSTRG.28",1,0,0,0,0,0,0,2,0,0
"MSTRG.29",0,0,0,0,0,0,0,0,0,0
"MSTRG.30",8,3,7,5,2,16,6,3,4,2
"MSTRG.31",14,26,10,20,9,3,19,15,7,16
"MSTRG.32",2102,2005,1751,1743,998,2609,1882,1025,1426,1255
"MSTRG.33",1,3,1,1,1,1,0,0,0,0
"MSTRG.34",209,199,283,243,165,197,172,248,199,79
"MSTRG.35",0,0,6,5,5,9,2,5,6,22
"MSTRG.36",1308,1417,1523,1722,1779,1382,1483,1083,1437,2258
"MSTRG.37",0,0,0,0,0,0,0,0,0,0
"MSTRG.38",166,173,205,192,206,160,211,171,212,244
"MSTRG.39",446,477,426,491,753,436,469,676,628,794
"MSTRG.40",18,12,16,27,45,15,22,17,35,66
"MSTRG.41",55,93,91,88,132,69,86,74,138,94
"MSTRG.42",2,6,11,17,35,1,1,21,19,8
"MSTRG.43",13,15,14,11,23,6,16,8,23,32
"MSTRG.44",3,7,5,7,7,5,3,10,5,8
"MSTRG.45",482,612,574,483,143,441,428,522,365,240
"MSTRG.46",0,0,0,0,0,0,0,0,0,0
"MSTRG.47",1161,1102,955,1068,1235,1042,1092,1373,1266,2020
"MSTRG.48",1459,2712,2503,2936,3942,1754,2807,4600,3290,4218
"MSTRG.49",7,14,10,15,24,19,22,9,9,21
"MSTRG.50",72,112,102,93,56,112,118,67,94,104
"MSTRG.51",36,42,29,37,30,124,56,23,40,48
"MSTRG.52",0,0,0,0,0,1,0,2,0,27
"MSTRG.53",165,214,178,176,146,136,237,268,179,267
"MSTRG.54",638,1084,1331,1929,2913,1037,1628,2767,2827,4318
"MSTRG.55",324,330,339,291,379,380,351,482,339,627
"MSTRG.56",348,310,225,224,269,168,259,255,292,256
"MSTRG.57",13,13,23,19,13,24,18,27,16,49
"MSTRG.58",3,2,3,1,0,1,5,3,0,2
"MSTRG.59",1131,1117,1117,1079,907,952,1009,1085,974,988
"MSTRG.60",598,685,727,644,563,634,742,781,664,725
"MSTRG.61",67,45,73,90,120,65,104,116,141,341
"MSTRG.62",6,2,2,8,13,4,4,4,9,46
"MSTRG.63",2025,1829,1706,1655,1846,1946,1805,2301,1789,1478
"MSTRG.64",0,1,0,2,0,0,0,0,0,0
"MSTRG.65",266,216,190,174,111,183,210,240,223,181
"MSTRG.66",103,104,119,113,104,80,124,109,156,108
"MSTRG.67",0,0,0,0,0,0,0,0,0,0
"MSTRG.68",649,1069,1282,1429,1603,1410,1815,2523,2588,1924
"MSTRG.69",12,20,24,18,30,21,33,23,23,31
"MSTRG.70",5,1,10,8,16,7,8,4,13,9
"MSTRG.71",1392,1666,1773,2031,2205,1525,1806,2457,2393,3123
"MSTRG.72",13,9,7,5,4,11,8,8,15,10
"MSTRG.73",2393,2279,2365,2058,1797,2231,1937,1620,1996,1902
"MSTRG.74",35,19,23,17,13,18,22,12,14,26
"MSTRG.75",3,0,3,1,4,3,5,2,1,22
"MSTRG.76",15,22,35,31,171,18,54,37,78,518
"MSTRG.77",1,0,0,0,8,3,2,0,2,17
"MSTRG.78",368,391,549,646,744,331,473,605,855,1334
"MSTRG.79",939,1188,1070,1157,757,726,1106,1605,1227,335
"MSTRG.80",267,252,241,213,159,198,250,326,225,194
"MSTRG.81",71,80,73,115,39,67,51,90,84,51
"MSTRG.82",4,5,5,4,3,9,4,3,2,0
"MSTRG.83",0,2,0,0,0,0,0,0,0,0
"MSTRG.84",4166,4704,5573,7129,17019,4644,4205,4365,4741,8201
"MSTRG.85",2197,2148,1665,1299,762,1835,1742,1315,1188,980
"MSTRG.86",1771,1563,1441,1121,525,1847,1357,1013,1020,1049
"MSTRG.87",0,0,0,0,0,0,0,0,0,0
"MSTRG.88",102,97,89,117,52,86,75,25,63,76
"MSTRG.89",274,242,222,210,128,347,227,137,167,194
"MSTRG.90",0,0,0,0,0,0,0,0,0,0
"MSTRG.91",15,10,8,12,5,16,7,9,5,8
"MSTRG.92",6,8,10,5,1,11,4,3,2,3
"MSTRG.93",201,171,182,171,152,195,196,225,182,207
"MSTRG.94",240,176,241,232,157,247,231,202,232,181
"MSTRG.95",10,7,20,15,9,14,14,8,7,9
"MSTRG.96",9,10,16,27,43,12,12,19,30,4
"MSTRG.97",281,360,421,455,706,458,483,578,617,1288
"MSTRG.98",6,7,11,24,16,30,33,24,47,13
"MSTRG.99",254,298,289,269,371,247,267,272,301,312
"MSTRG.100",659,671,749,727,967,683,766,723,839,622
"MSTRG.101",0,0,0,0,0,1,1,0,1,0
"MSTRG.102",1049,882,711,712,720,1039,943,1023,966,637
"MSTRG.103",5,7,7,7,6,6,12,6,12,4
"MSTRG.104",201,258,333,359,319,264,279,379,271,452
"MSTRG.105",612,557,575,601,398,624,555,804,559,391
"MSTRG.106",109,139,276,330,409,175,252,334,359,213
"MSTRG.107",30,33,76,101,45,48,65,67,91,21
"MSTRG.108",9,7,4,9,5,6,6,9,12,6
"MSTRG.109",247,268,338,375,288,163,247,423,459,204
"MSTRG.110",3,1,1,3,0,3,2,4,1,4
"MSTRG.111",719,687,665,680,1238,760,768,1078,1045,1004
"MSTRG.112",70,64,76,88,601,73,72,46,44,44
"MSTRG.113",242,259,470,271,116,249,507,175,258,42
"MSTRG.114",69,168,371,590,2821,106,302,1067,1193,1404
"MSTRG.115",4,7,6,12,10,5,13,13,18,8
"MSTRG.116",202,178,150,146,146,119,160,149,213,246
"MSTRG.117",1722,2462,2632,2708,2616,1389,2562,4638,2848,407
"MSTRG.118",1558,1561,1417,1518,1547,1122,1332,1497,1458,1129
"MSTRG.119",1004,1249,1335,1570,2552,1426,1504,2148,1919,2868
"MSTRG.120",14,12,22,24,9,13,16,23,24,14
"MSTRG.121",1168,1491,1931,2126,1630,1637,1961,2447,2685,663
"MSTRG.122",0,0,0,1,0,0,0,0,0,0
"MSTRG.123",0,2,0,0,0,0,0,0,0,0
"MSTRG.124",5473,4698,4215,3916,3220,5368,4199,4450,3561,3413
"MSTRG.125",2,0,1,1,3,4,4,0,3,6
"MSTRG.126",162,192,223,288,373,135,228,332,290,174
"MSTRG.127",4,9,9,8,10,6,6,7,6,2
"MSTRG.128",1,3,14,13,36,5,10,19,21,29
"MSTRG.129",932,1014,794,848,414,589,769,1016,765,367
"MSTRG.130",449,352,211,214,241,394,297,324,227,269
"MSTRG.131",1199,1154,1119,948,663,1438,1036,1278,951,892
"MSTRG.132",6,6,7,15,11,7,6,10,16,9
"MSTRG.133",3,3,2,2,5,2,2,3,2,3
"MSTRG.134",0,0,0,0,0,0,0,0,0,0
"MSTRG.135",1566,1839,1763,1696,1139,1210,1573,2623,1603,934
"MSTRG.136",386,434,410,399,479,294,478,527,461,387
"MSTRG.137",694,527,410,487,323,412,439,560,511,331
"MSTRG.138",2,2,4,2,3,1,3,3,1,2
"MSTRG.139",255,315,291,411,548,236,339,504,411,477
"MSTRG.140",685,732,562,608,318,566,742,806,720,466
"MSTRG.141",35,26,16,16,14,35,28,36,18,16
"MSTRG.142",228,242,238,232,138,208,315,253,285,172
"MSTRG.143",460,460,379,346,253,406,411,449,348,627
"MSTRG.144",2,3,2,1,0,2,1,5,3,1
"MSTRG.145",14871,13874,14637,14561,12818,11412,13603,16901,12464,6660
"MSTRG.146",684,929,1009,928,991,935,1114,1553,1234,1398
"MSTRG.147",30,29,38,29,29,33,36,19,48,39
"MSTRG.148",44,50,45,52,33,53,57,22,48,42
"MSTRG.149",38,26,36,38,34,73,30,34,43,129
"MSTRG.150",3,3,1,1,1,3,2,2,4,2
"MSTRG.151",0,0,0,1,0,0,0,0,0,0
"MSTRG.152",34,58,42,71,64,36,47,45,69,33
"MSTRG.153",234,224,179,127,156,134,147,197,160,206
"MSTRG.154",822,763,676,758,668,787,748,886,775,720
"MSTRG.155",447,557,548,447,337,339,455,540,441,352
"MSTRG.156",2040,2363,2107,2087,1352,1563,2594,2277,2666,998
"MSTRG.157",0,0,0,0,0,0,0,0,0,0
"MSTRG.158",293,274,319,232,266,199,318,232,260,305
"MSTRG.159",1,0,0,0,0,0,0,0,1,1
"MSTRG.160",439,503,491,515,436,477,445,752,642,229
"MSTRG.161",0,4,12,5,0,5,1,3,1,0
"MSTRG.162",1306,1529,1213,1124,563,794,1271,1325,1047,303
"MSTRG.163",772,667,755,539,448,474,679,519,892,1995
"MSTRG.164",920,1016,1083,1078,1070,939,1145,1578,1246,1124
"MSTRG.165",90,81,67,71,35,142,75,86,55,31
"MSTRG.166",5485,5002,4865,11939,12378,7463,4253,4126,7154,10057
"MSTRG.167",0,0,0,0,0,0,0,0,0,0
"MSTRG.168",105,120,148,222,381,164,171,78,295,3134
"MSTRG.169",0,1,1,3,1,1,0,0,2,2
"MSTRG.170",0,0,0,0,0,0,0,0,0,3
"MSTRG.171",216,217,132,121,154,133,183,125,167,352
"MSTRG.172",22,29,30,32,70,23,26,18,32,39
"MSTRG.173",161,142,99,99,45,162,112,170,105,45
"MSTRG.174",1617,1555,1447,941,828,1695,1397,1340,1137,1210
"MSTRG.175",26,14,20,27,45,17,17,26,38,44
"MSTRG.176",58,184,207,125,169,126,300,537,271,397
"MSTRG.177",655,475,323,204,130,277,327,239,229,135
"MSTRG.178",48,80,122,117,268,93,146,249,181,276
"MSTRG.179",1,1,3,6,5,3,3,3,3,16
"MSTRG.180",79,62,75,40,45,77,62,62,46,68
"MSTRG.181",624,746,805,762,766,548,826,873,864,647
"MSTRG.182",692,537,465,458,601,535,502,564,456,547
"MSTRG.183",1,1,0,1,1,0,1,0,0,0
"MSTRG.184",2927,2709,1905,1760,1235,1798,2400,2605,2010,1125
"MSTRG.185",2,1,0,1,1,1,0,0,1,0
"MSTRG.186",42,53,32,40,71,31,45,53,56,50
"MSTRG.187",1383,1581,1593,1608,1127,1369,1800,2212,1737,1105
"MSTRG.188",5,1,3,5,1,1,0,3,2,1
"MSTRG.189",225,130,46,33,4,68,51,12,38,2
"MSTRG.190",17,17,6,3,1,5,5,0,4,0
"MSTRG.191",72,55,44,35,7,22,25,23,30,4
"MSTRG.192",153,160,137,145,149,98,138,211,155,87
"MSTRG.193",293,326,326,363,353,361,364,543,445,423
"MSTRG.194",414,383,352,378,359,411,518,730,551,543
"MSTRG.195",1,0,2,1,3,0,1,0,0,1
"MSTRG.196",0,0,0,0,0,0,0,0,0,0
"MSTRG.197",26,25,23,39,38,23,27,32,38,15
"MSTRG.198",2,1,1,4,0,1,0,1,3,1
"MSTRG.199",1130,1592,1869,2144,2708,1148,1744,3026,2683,2206
"MSTRG.200",628,741,842,739,838,652,974,951,1074,845
"MSTRG.201",0,0,0,0,0,0,2,0,0,0
"MSTRG.202",1098,1253,1354,1091,514,1202,1374,1599,1294,900
"MSTRG.203",2,7,2,7,0,8,4,4,5,8
"MSTRG.204",204,232,210,183,108,217,269,263,304,822
"MSTRG.205",1314,1375,1288,1059,924,1067,1235,1304,1140,697
"MSTRG.206",685,873,955,898,982,835,1155,1274,1356,1868
"MSTRG.207",6,11,2,11,11,5,6,6,7,14
"MSTRG.208",4413,4237,3821,3550,2436,3591,3458,3098,3098,2452
"MSTRG.209",32,33,80,54,315,38,91,63,145,955
"MSTRG.210",152,291,683,1255,824,215,561,2036,1999,555
"MSTRG.211",2,1,1,5,1,2,1,1,0,2
"MSTRG.212",2641,4122,5234,7489,7312,3949,5870,9820,9139,3987
"MSTRG.213",11,14,16,26,6,19,19,10,22,6
"MSTRG.214",333,331,419,487,327,592,475,424,676,1176
"MSTRG.215",36,48,39,24,7,34,21,26,24,34
"MSTRG.216",2,8,17,22,9,6,5,15,11,1
"MSTRG.217",0,0,0,0,0,0,0,0,0,2
"MSTRG.218",1797,1207,1356,1313,586,1335,751,1116,816,451
"MSTRG.219",738,679,451,574,305,589,400,319,484,171
"MSTRG.220",18,22,13,12,9,17,27,23,15,23
"MSTRG.221",77,144,203,251,417,102,151,323,352,318
"MSTRG.222",11,23,17,28,48,10,15,23,49,22
"MSTRG.223",599,720,664,768,1472,626,784,1436,1221,1923
"MSTRG.224",366,346,285,232,183,241,302,369,242,175
"MSTRG.225",497,498,407,398,580,412,420,395,392,737
"MSTRG.226",15,22,46,62,345,23,40,89,121,121
"MSTRG.227",418,546,546,622,879,400,613,847,721,835
"MSTRG.228",73,76,87,94,77,74,93,119,99,96
"MSTRG.229",0,0,0,0,1,0,1,0,1,0
"MSTRG.230",472,497,570,469,325,522,537,497,630,666
"MSTRG.231",4,2,2,1,0,4,4,1,3,4
"MSTRG.232",2598,2495,1446,1441,276,1515,1734,1946,1271,180
"MSTRG.233",355,398,448,533,895,385,447,899,651,889
"MSTRG.234",452,555,659,608,659,366,639,887,734,688
"MSTRG.235",67,66,39,54,31,64,81,95,76,155
"MSTRG.236",124,119,94,101,89,86,126,143,147,135
"MSTRG.237",73,64,84,48,68,55,82,46,73,48
"MSTRG.238",8,18,16,11,14,14,17,18,11,12
"MSTRG.239",3454,2614,2648,1980,2385,2759,2168,2500,2069,2434
"MSTRG.240",27,32,32,42,41,17,31,54,33,109
"MSTRG.241",68,58,71,56,61,31,53,84,41,57
"MSTRG.242",392,371,343,379,475,184,263,187,296,229
"MSTRG.243",1466,1400,1416,1201,1962,1199,1341,1875,1289,1332
"MSTRG.244",1071,1314,1104,1218,3060,605,1739,2438,2193,2799
"MSTRG.245",1022,1093,912,925,650,1021,1049,1004,1141,659
"MSTRG.246",2843,2213,1205,603,197,1360,1272,856,637,73
"MSTRG.247",1148,1263,1438,1378,1625,1041,1419,1344,1487,924
"MSTRG.248",1,3,1,2,0,2,1,2,4,2
"MSTRG.249",674,663,593,478,368,460,616,627,475,221
"MSTRG.250",31,24,28,29,15,30,24,15,28,17
"MSTRG.251",70,54,50,75,46,89,67,40,57,34
"MSTRG.252",36,34,30,38,30,46,34,13,37,16
"MSTRG.253",11,16,10,12,11,15,14,13,13,4
"MSTRG.254",800,916,988,794,643,697,985,1448,1032,532
"MSTRG.255",707,736,614,781,566,754,773,852,925,620
"MSTRG.256",5273,4964,3808,4020,833,3698,3190,2018,2009,349
"MSTRG.257",6473,6824,7531,8779,17445,8374,8076,10231,11447,11004
"MSTRG.258",7,7,1,3,1,2,4,4,4,3
"MSTRG.259",822,640,655,693,580,654,592,317,702,985
"MSTRG.260",57,44,44,48,131,31,43,21,94,665
"MSTRG.261",22,13,8,19,6,19,20,11,17,6
"MSTRG.262",43,41,52,37,70,39,43,48,43,88
"MSTRG.263",44,44,15,25,52,32,38,43,43,127
"MSTRG.264",5,3,1,1,0,5,3,2,0,0
"MSTRG.265",1,2,3,2,2,1,1,0,6,2
"MSTRG.266",0,0,0,0,0,0,0,0,0,0
"MSTRG.267",75,38,68,46,19,100,58,29,57,34
"MSTRG.268",2,0,0,0,0,0,0,1,0,0
"MSTRG.269",0,0,0,0,0,0,0,1,0,0
"MSTRG.270",64,53,67,42,26,95,60,37,48,44
"MSTRG.271",1,0,0,0,0,0,0,0,0,0
"MSTRG.272",24,17,6,18,19,12,21,18,27,20
"MSTRG.273",15,3,3,1,1,7,1,0,0,0
"MSTRG.274",48,35,34,45,27,45,25,23,27,19
"MSTRG.275",20,10,4,4,5,29,1,4,2,6
"MSTRG.276",5,6,1,4,6,11,4,0,3,0
"MSTRG.277",10,6,5,9,2,14,7,8,3,6
"MSTRG.278",5,3,3,4,0,7,5,2,0,0
"MSTRG.279",137,78,76,85,37,262,108,65,55,21
"MSTRG.280",2,9,8,11,5,18,38,3,14,13
"MSTRG.281",71,48,46,23,39,41,42,43,29,46
"MSTRG.282",132,237,571,503,587,151,423,302,610,421
"MSTRG.283",141,223,378,364,72,202,483,2,378,36
"MSTRG.284",9,3,12,24,26,6,7,4,7,2
"MSTRG.285",77,148,391,741,2466,9,31,14,33,35
"MSTRG.286",0,0,0,0,0,0,0,0,0,0
"MSTRG.287",1371,1451,1619,1482,1767,1209,1408,1688,1683,1368
"MSTRG.288",798,586,419,435,154,636,436,341,389,328
"MSTRG.289",486,412,328,355,236,370,380,506,380,312
"MSTRG.290",21,10,9,8,1,15,16,6,4,0
"MSTRG.291",964,869,967,874,650,1022,880,775,808,982
"MSTRG.292",20,12,12,11,4,18,17,6,24,20
"MSTRG.293",4287,4213,3771,2835,1903,3724,3569,2871,2550,2426
"MSTRG.294",267,288,223,222,169,269,286,187,277,166
"MSTRG.295",0,0,0,0,0,0,0,0,0,0
"MSTRG.296",0,0,0,0,0,0,0,0,0,0
"MSTRG.297",609,464,387,440,510,489,446,556,453,609
"MSTRG.298",65,71,55,60,35,55,72,66,76,36
"MSTRG.299",1054,887,826,727,463,889,721,556,682,632
"MSTRG.300",5318,5146,5361,5577,4582,6521,4809,4991,5263,5201
"MSTRG.301",1183,1579,1905,2410,2570,1491,2321,4370,3118,1313
"MSTRG.302",1552,1411,1626,1394,1052,1246,1136,1526,1039,834
"MSTRG.303",154,139,118,122,155,186,145,176,135,174
"MSTRG.304",4081,3507,3042,2806,2187,3490,3426,2803,3098,2640
"MSTRG.305",12,14,9,11,1,8,5,9,7,5
"MSTRG.306",0,0,0,0,0,0,1,0,0,0
"MSTRG.307",10,5,6,4,2,7,3,4,6,5
"MSTRG.308",801,813,769,775,1072,817,866,1395,955,1202
"MSTRG.309",19,23,25,33,34,23,27,27,34,111
"MSTRG.310",3158,2946,2509,1960,1020,2489,2182,1888,1745,1367
"MSTRG.311",9,3,2,9,9,2,7,5,5,6
"MSTRG.312",503,452,356,341,254,436,357,393,303,281
"MSTRG.313",6907,5927,4861,4499,2067,6115,5393,6325,4141,2283
"MSTRG.314",576,466,648,470,295,558,646,113,373,466
"MSTRG.315",0,0,0,0,0,0,0,0,0,0
"MSTRG.316",535,505,668,854,2341,407,444,923,1251,3122
"MSTRG.317",1,0,0,1,5,0,0,0,2,13
"MSTRG.318",2146,1772,1302,1271,533,1507,1473,1964,1086,465
"MSTRG.319",0,0,0,0,0,0,0,0,0,0
"MSTRG.320",1321,800,579,434,221,627,445,330,483,288
"MSTRG.321",33,28,30,32,20,49,26,26,35,33
"MSTRG.322",35,25,19,30,12,37,46,32,37,38
"MSTRG.323",16,18,22,18,36,19,18,16,22,65
"MSTRG.324",3,0,0,0,0,0,0,1,0,5
"MSTRG.325",149,131,186,198,95,144,129,94,154,81
"MSTRG.326",77,35,32,34,26,47,28,22,20,25
"MSTRG.327",1260,880,667,413,272,683,485,435,463,236
"MSTRG.328",0,0,0,1,0,0,0,0,0,0
"MSTRG.329",11,5,4,3,2,15,7,4,10,3
"MSTRG.330",3,5,9,1,2,3,0,4,3,2
"MSTRG.331",1,1,0,2,0,3,1,3,0,0
"MSTRG.332",0,0,0,0,0,0,0,0,0,0
"MSTRG.333",0,1,0,0,0,0,0,1,0,1
"MSTRG.334",1,0,0,0,0,1,0,1,0,1
"MSTRG.335",0,0,0,1,0,0,1,0,0,0
"MSTRG.336",3927,4740,4507,5534,9519,3488,4558,5535,4466,11036
"MSTRG.337",0,0,0,1,0,0,0,1,0,0
"MSTRG.338",0,0,11,11,14,1,1,16,21,8
"MSTRG.339",243,304,308,278,188,251,318,246,342,126
"MSTRG.340",292,472,593,698,638,416,617,1160,1086,355
"MSTRG.341",3572,3745,4955,4920,4716,3264,3685,6406,5181,2685
"MSTRG.342",2943,2772,2988,2901,3194,3023,2699,3417,3165,3261
"MSTRG.343",16,13,10,6,2,10,8,4,6,2
"MSTRG.344",17,12,6,2,4,7,5,2,9,8
"MSTRG.345",538,559,507,574,349,443,415,515,507,274
"MSTRG.346",36,36,54,40,728,51,65,68,95,1351
"MSTRG.347",368,575,853,1067,2125,461,768,1056,1319,1106
"MSTRG.348",5,2,9,2,12,7,6,6,8,9
"MSTRG.349",2128,3525,4309,5857,7251,3996,5335,5369,6826,6551
"MSTRG.350",9,11,20,35,149,10,25,28,39,8
"MSTRG.351",26,25,30,58,26,18,29,84,76,23
"MSTRG.352",501,470,417,407,507,526,441,421,440,572
"MSTRG.353",12,12,9,11,18,6,13,6,6,9
"MSTRG.354",2503,2368,2247,1894,1119,2648,2170,1797,1726,1793
"MSTRG.355",153,160,114,113,58,121,145,137,151,112
"MSTRG.356",121,92,92,92,62,75,104,123,107,52
"MSTRG.357",29,16,26,22,19,31,26,24,20,13
"MSTRG.358",145,175,143,224,154,137,154,246,226,105
"MSTRG.359",0,1,1,4,1,3,4,1,2,1
"MSTRG.360",323,303,249,260,177,304,304,302,301,126
"MSTRG.361",7306,6110,4761,4315,3530,6808,5357,5003,4731,4028
"MSTRG.362",12,30,53,41,17,22,69,84,79,5
"MSTRG.363",0,0,0,0,0,0,0,0,0,0
"MSTRG.364",436,481,418,441,496,320,354,392,331,322
"MSTRG.365",3,4,2,4,3,2,3,4,10,4
"MSTRG.366",23,21,28,16,20,20,16,18,19,13
"MSTRG.367",0,0,0,1,0,0,0,0,0,0
"MSTRG.368",1445,1904,1919,1717,1904,1537,2165,3248,2510,1913
"MSTRG.369",206,253,271,273,338,208,293,339,319,578
"MSTRG.370",3048,2867,2478,2576,2361,2380,2416,2933,2634,2482
"MSTRG.371",2,1,3,9,6,0,3,14,15,0
"MSTRG.372",3,2,1,3,3,2,2,0,1,1
"MSTRG.373",184,163,135,184,165,106,135,145,142,98
"MSTRG.374",1,0,0,1,1,1,1,2,2,7
"MSTRG.375",9,12,17,46,118,5,13,2,32,97
"MSTRG.376",0,0,0,0,0,0,0,0,0,0
"MSTRG.377",912,655,825,620,353,644,471,273,363,201
"MSTRG.378",1,0,0,1,0,0,0,1,1,0
"MSTRG.379",0,0,0,0,0,0,0,0,0,0
"MSTRG.380",25,17,49,9,15,10,38,17,11,5
"MSTRG.381",0,0,1,0,2,0,0,0,0,1
"MSTRG.382",0,0,0,0,0,0,0,0,0,0
"MSTRG.383",1,0,1,2,0,0,2,0,1,0
"MSTRG.384",5,14,28,9,3,12,24,0,17,7
"MSTRG.385",3,3,9,0,1,4,6,0,2,0
"MSTRG.386",0,0,0,0,0,0,0,0,0,0
"MSTRG.387",0,1,5,9,2,4,3,1,1,0
"MSTRG.388",0,0,0,0,0,0,0,0,0,0
"MSTRG.389",0,0,0,1,0,0,0,0,0,0
"MSTRG.390",26,20,12,17,9,24,12,11,17,28
"MSTRG.391",27,19,32,15,27,29,22,11,13,20
"MSTRG.392",216,188,90,186,248,224,179,160,339,561
"MSTRG.393",3,9,17,3,3,8,16,0,3,0
"MSTRG.394",5,5,5,1,0,2,1,0,1,1
"MSTRG.395",0,0,0,0,0,0,0,0,0,0
"MSTRG.396",12,11,19,13,22,30,26,6,14,8
"MSTRG.397",13,14,20,12,10,10,27,3,11,8
"MSTRG.398",251,215,203,220,279,222,228,293,225,238
"MSTRG.399",281,382,453,802,544,743,721,858,1049,1041
"MSTRG.400",2,3,4,9,8,10,13,9,7,10
"MSTRG.401",2,2,6,17,7,10,9,10,20,9
"MSTRG.402",9,2,10,9,7,5,7,12,5,11
"MSTRG.403",910,912,896,678,399,998,871,633,722,526
"MSTRG.404",1,0,0,0,0,0,0,0,1,0
"MSTRG.405",1117,1077,1095,1070,1115,1148,1008,769,1027,1015
"MSTRG.406",0,0,0,0,2,1,0,0,0,0
"MSTRG.407",0,0,0,0,0,0,0,0,0,0
"MSTRG.408",1,6,5,3,9,0,8,8,2,1
"MSTRG.409",6,3,14,6,9,4,6,2,3,22
"MSTRG.410",23,19,18,17,21,18,16,19,19,53
"MSTRG.411",6,4,2,2,4,7,4,4,6,19
"MSTRG.412",58,54,16,36,28,119,62,7,38,76
"MSTRG.413",143,145,224,189,267,148,112,161,216,182
"MSTRG.414",1177,1276,1688,2370,1152,2338,2401,2647,2217,601
"MSTRG.415",0,2,0,3,6,2,0,3,2,3
"MSTRG.416",0,0,0,0,0,0,0,0,0,0
"MSTRG.417",1,1,4,7,16,3,7,4,18,21
"MSTRG.418",1,0,0,4,0,0,0,0,3,1
"MSTRG.419",512,271,294,204,69,348,228,163,189,32
"MSTRG.420",0,0,0,0,0,0,0,0,0,0
"MSTRG.421",25,39,63,119,125,107,116,191,155,101
"MSTRG.422",1,0,2,5,0,0,2,1,5,2
"MSTRG.423",2423,1959,1857,1828,2402,2059,1774,1381,1892,2907
"MSTRG.424",17,7,6,12,9,15,8,4,17,12
"MSTRG.425",206,157,278,192,237,259,181,188,173,332
"MSTRG.426",23,6,13,7,10,22,6,4,3,9
"MSTRG.427",46,27,47,26,29,21,26,5,20,15
"MSTRG.428",5,13,11,5,1,13,8,2,3,5
"MSTRG.429",15,18,9,16,12,9,10,10,10,24
"MSTRG.430",4,3,1,5,3,1,7,1,0,11
"MSTRG.431",33,49,53,35,11,50,29,39,35,9
"MSTRG.432",12,14,15,13,8,22,12,4,19,4
"MSTRG.433",21,29,53,35,13,24,29,10,16,7
"MSTRG.434",30,19,15,24,19,15,22,10,17,22
"MSTRG.435",7,6,0,8,9,0,7,2,16,5
"MSTRG.436",1127,1341,1440,1209,986,1296,974,747,881,410
"MSTRG.437",306,294,78,102,72,100,175,97,112,156
"MSTRG.438",2,1,2,1,3,0,3,3,1,2
"MSTRG.439",2589,1730,1062,962,1200,1996,1789,1342,1297,1369
"MSTRG.440",0,0,0,0,0,0,0,0,0,0
"MSTRG.441",790,579,480,470,234,706,441,473,403,296
"MSTRG.442",11,6,4,8,4,10,9,4,10,7
"MSTRG.443",3219,3752,4629,5778,4278,4037,3947,3785,5008,2830
"MSTRG.444",1252,1058,894,1120,1077,986,1064,1504,1462,1436
"MSTRG.445",1233,1507,736,1152,1023,1024,1300,1489,1324,765
"MSTRG.446",1,1,0,0,0,1,1,0,3,0
"MSTRG.447",0,0,0,0,0,0,0,0,0,0
"MSTRG.448",3,4,4,1,1,4,1,0,1,1
"MSTRG.449",16,19,9,2,13,5,6,5,10,5
"MSTRG.450",0,0,0,0,0,0,0,0,0,0
"MSTRG.451",0,0,0,0,0,1,0,0,0,0
"MSTRG.452",7,13,14,12,40,9,9,13,11,77
"MSTRG.453",449,441,496,547,1046,588,424,237,493,1141
"MSTRG.454",4,7,3,16,8,11,8,3,12,4
"MSTRG.455",23,38,27,23,13,17,29,20,14,16
"MSTRG.456",0,0,0,0,0,0,0,0,0,0
"MSTRG.457",109,141,210,305,997,254,228,219,524,3204
"MSTRG.458",0,0,0,0,0,0,0,0,0,0
"MSTRG.459",0,0,0,0,0,0,0,0,0,0
"MSTRG.460",10,21,18,25,52,23,18,8,30,353
"MSTRG.461",698,700,531,485,751,639,642,699,617,1009
"MSTRG.462",122,174,212,341,305,182,247,200,420,93
"MSTRG.463",0,2,2,3,1,1,2,2,0,1
"MSTRG.464",5184,4527,2915,3536,1648,3617,3652,3146,3449,1413
"MSTRG.465",134,129,149,129,186,164,182,111,204,194
"MSTRG.466",860,692,474,358,175,550,537,529,406,197
"MSTRG.467",50,46,41,33,64,56,42,15,63,72
"MSTRG.468",5,1,3,6,4,6,5,1,4,8
"MSTRG.469",981,851,575,509,421,752,728,500,694,604
"MSTRG.470",0,0,0,0,0,0,0,0,0,0
"MSTRG.471",14,4,132,36,48,99,5,18,2,9
"MSTRG.472",18,15,18,17,36,21,26,14,21,30
"MSTRG.473",0,0,0,0,0,0,0,0,0,0
"MSTRG.474",249,314,302,477,563,257,243,278,274,297
"MSTRG.475",34,34,19,16,8,25,17,10,16,29
"MSTRG.476",64,42,75,40,19,50,32,34,21,47
"MSTRG.477",12,20,15,10,5,6,4,0,7,7
"MSTRG.478",0,0,0,0,2,0,0,0,0,7
"MSTRG.479",29,48,71,67,27,38,81,25,45,38
"MSTRG.480",0,0,0,5,18,0,0,0,1,3
"MSTRG.481",13,29,68,91,315,71,376,410,403,2532
"MSTRG.482",0,0,0,0,0,0,0,0,0,1
"MSTRG.483",15,17,51,27,32,30,45,9,20,29
"MSTRG.484",0,3,0,1,1,3,4,3,3,2
"MSTRG.485",24,20,21,23,35,26,8,13,20,46
"MSTRG.486",0,0,1,0,0,0,0,0,0,0
"MSTRG.487",1803,1724,1464,1756,1897,2417,1773,1321,1949,3273
"MSTRG.488",78,181,481,1194,3886,21,25,77,147,158
"MSTRG.489",450,356,231,314,221,537,337,299,407,462
"MSTRG.490",336,320,275,354,364,340,324,282,382,668
"MSTRG.491",1900,1269,907,819,524,2468,1328,556,793,424
"MSTRG.492",1,1,0,0,0,1,0,0,1,0
"MSTRG.493",2,4,9,2,4,3,3,27,6,10
"MSTRG.494",0,0,0,1,0,3,1,2,0,4
"MSTRG.495",9,4,6,1,3,2,6,1,0,2
"MSTRG.496",702,891,700,1015,2301,927,826,808,1131,2627
"MSTRG.497",28,15,24,13,7,22,21,15,32,35
"MSTRG.498",1042,1097,1887,2126,2022,1357,1730,1347,2573,3842
"MSTRG.499",0,0,0,0,1,0,0,0,0,0
"MSTRG.500",1,2,2,4,3,4,2,1,3,4
"MSTRG.501",910,648,764,813,517,531,484,584,516,305
"MSTRG.502",181,120,100,117,63,169,105,95,120,116
"MSTRG.503",3,5,9,4,10,6,6,0,2,8
"MSTRG.504",0,0,0,0,0,0,3,0,0,0
"MSTRG.505",4,4,4,5,2,7,4,3,3,4
"MSTRG.506",0,0,1,0,0,0,0,0,0,1
"MSTRG.507",0,0,1,4,6,0,0,1,2,5
"MSTRG.508",49,65,189,450,4395,55,93,88,190,2955
"MSTRG.509",0,0,0,0,3,0,0,0,0,1
"MSTRG.510",1726,1411,1228,1393,915,2448,1490,925,1404,1263
"MSTRG.511",9,16,9,18,18,11,20,11,19,19
"MSTRG.512",50,54,70,83,66,54,69,78,137,85
"MSTRG.513",0,0,0,0,0,0,0,0,1,1
"MSTRG.514",0,0,1,0,0,0,0,0,0,0
"MSTRG.515",13,8,8,13,13,14,14,10,16,8
"MSTRG.516",0,0,0,0,0,1,0,0,0,0
"MSTRG.517",4384,3725,3222,2973,1204,3208,3146,3948,2326,1035
"MSTRG.518",0,0,0,0,0,0,0,0,0,0
"MSTRG.519",882,719,640,647,952,1042,816,323,796,1507
"MSTRG.520",0,0,0,0,0,0,0,0,0,0
"MSTRG.521",915,611,669,636,388,838,543,620,549,398
"MSTRG.522",1038,1571,2712,3656,5322,2025,2753,4616,5320,2833
"MSTRG.523",0,0,1,2,2,0,0,1,0,0
"MSTRG.524",16,21,16,13,9,18,26,16,17,10
"MSTRG.525",62,88,103,183,247,200,187,258,278,275
"MSTRG.526",0,0,0,0,0,0,0,0,0,0
"MSTRG.527",649,499,510,487,540,572,604,345,608,870
"MSTRG.528",0,0,0,0,0,1,0,0,0,0
"MSTRG.529",155,134,111,101,69,98,139,133,149,65
"MSTRG.530",485,454,222,184,58,248,321,261,200,65
"MSTRG.531",1776,1498,1064,986,301,1456,943,705,698,317
"MSTRG.532",60,39,90,70,185,48,74,41,48,522
"MSTRG.533",0,0,0,0,2,0,0,0,0,0
"MSTRG.534",159,211,201,214,179,134,177,205,211,98
"MSTRG.535",52,54,88,52,57,75,150,36,101,50
"MSTRG.536",0,0,0,0,0,0,0,0,0,0
"MSTRG.537",52,68,154,64,37,150,253,36,153,76
"MSTRG.538",0,0,0,0,0,1,0,0,0,0
"MSTRG.539",0,0,0,0,0,0,0,0,0,0
"MSTRG.540",1242,1101,962,1189,2288,1455,1109,1617,1443,2820
"MSTRG.541",224,168,111,107,139,210,127,105,85,164
"MSTRG.542",1,1,2,1,1,0,5,0,0,1
"MSTRG.543",20,13,45,50,73,25,25,24,40,59
"MSTRG.544",601,431,652,725,843,471,410,878,662,693
"MSTRG.545",0,0,0,0,0,0,0,0,0,1
"MSTRG.546",0,0,0,0,0,0,0,0,0,0
"MSTRG.547",106,109,163,177,650,160,200,150,287,560
"MSTRG.548",1521,1231,1090,879,488,958,981,984,767,318
"MSTRG.549",115,54,17,17,1,2,0,5,0,0
"MSTRG.550",23,25,25,43,40,0,7,2,6,0
"MSTRG.551",8,10,13,1,0,15,17,3,0,1
"MSTRG.552",16,8,14,3,2,35,16,24,3,5
"MSTRG.553",1,0,0,0,2,0,0,1,0,1
"MSTRG.554",2419,2519,3232,3410,3005,2353,2048,1941,1818,3446
"MSTRG.555",1,0,0,0,0,0,0,1,0,0
"MSTRG.556",24,14,10,30,15,15,18,12,9,17
"MSTRG.557",0,0,0,0,1,1,1,0,0,0
"MSTRG.558",1007,1185,1446,1810,1830,1630,1422,916,1431,2702
"MSTRG.559",1185,953,1111,1148,843,1135,759,782,901,635
"MSTRG.560",8,9,15,14,15,10,6,12,13,18
"MSTRG.561",1501,1275,1367,1435,1199,1486,1044,537,767,554
"MSTRG.562",0,1,0,0,0,0,0,0,0,0
"MSTRG.563",0,0,0,0,0,0,0,0,1,0
"MSTRG.564",58,63,115,168,103,210,239,110,142,48
"MSTRG.565",0,0,1,0,0,0,1,0,0,0
"MSTRG.566",0,0,0,1,0,0,1,0,1,0
"MSTRG.567",2,4,5,4,1,2,3,3,4,1
"MSTRG.568",819,770,618,576,602,676,600,578,610,313
"MSTRG.569",271,372,494,723,1327,290,413,733,701,731
"MSTRG.570",50,55,34,31,15,41,45,33,24,5
"MSTRG.571",24,18,21,21,66,16,11,16,27,46
"MSTRG.572",177,212,262,325,563,280,285,394,440,761
"MSTRG.573",1623,1312,1141,1263,1650,1615,1089,750,1007,2759
"MSTRG.574",1501,1057,1219,1093,1061,1302,940,865,1085,1601
"MSTRG.575",1509,1039,926,970,513,1557,868,1207,850,698
"MSTRG.576",9,6,9,10,12,15,19,9,17,9
"MSTRG.577",250,199,198,234,155,140,195,238,220,170
"MSTRG.578",5,2,5,5,3,3,1,3,3,3
"MSTRG.579",0,0,0,0,0,0,0,0,0,0
"MSTRG.580",4885,3423,2446,2931,1375,4357,2452,2261,2498,1161
"MSTRG.581",16,7,21,14,4,12,3,3,11,1
"MSTRG.582",42,43,49,39,2,35,29,16,20,7
"MSTRG.583",57,60,78,54,5,70,46,25,26,24
"MSTRG.584",1329,1409,1702,1710,729,1720,1207,931,1063,739
"MSTRG.585",9,15,11,15,4,4,1,14,17,4
"MSTRG.586",0,0,0,2,0,1,0,1,3,1
"MSTRG.587",511,495,358,377,192,429,391,351,330,279
"MSTRG.588",28,30,25,34,14,18,8,13,12,13
"MSTRG.589",8,1,2,6,3,2,1,4,4,0
"MSTRG.590",1,1,2,0,0,0,1,1,4,0
"MSTRG.591",50,30,46,56,33,41,44,23,58,40
"MSTRG.592",1107,1145,1242,1159,1112,1235,1007,667,976,1340
"MSTRG.593",340,283,331,499,1199,438,395,394,572,1601
"MSTRG.594",1604,1402,1726,1602,1118,1448,1233,683,1260,1115
"MSTRG.595",0,0,0,0,0,0,0,1,1,0
"MSTRG.596",563,515,467,462,494,973,665,614,643,962
"MSTRG.597",6,4,23,13,204,10,10,29,142,379
"MSTRG.598",2179,1844,1764,1358,857,2058,1511,1056,1105,1057
"MSTRG.599",569,375,292,292,250,285,225,177,292,306
"MSTRG.600",1,4,2,2,1,2,2,2,3,0
"MSTRG.601",9,5,6,19,11,9,8,10,8,8
"MSTRG.602",88,62,159,110,168,132,96,158,133,186
"MSTRG.603",125,99,151,156,209,227,110,174,144,239
"MSTRG.604",6,9,3,1,1,19,31,14,16,1
"MSTRG.605",76,95,152,166,195,192,167,98,189,280
"MSTRG.606",0,0,0,0,0,0,0,0,0,0
"MSTRG.607",26,14,12,6,12,9,9,2,7,9
"MSTRG.608",1203,1047,987,1168,996,1495,1113,915,1025,1138
"MSTRG.609",0,0,0,0,0,0,0,0,0,0
"MSTRG.610",35,35,45,55,251,64,53,27,89,528
"MSTRG.611",136,173,226,203,331,176,214,169,259,531
"MSTRG.612",3,0,4,2,0,0,6,0,0,3
"MSTRG.613",12,14,10,10,5,13,13,9,6,15
"MSTRG.614",29,21,22,42,25,40,40,24,45,21
"MSTRG.615",4820,3720,2528,2508,1449,3099,3454,3571,2971,2166
"MSTRG.616",370,433,361,515,706,473,478,544,590,563
"MSTRG.617",7,6,10,14,29,9,3,3,11,10
"MSTRG.618",15,33,37,40,153,28,42,20,66,160
"MSTRG.619",1569,1425,1316,1521,1848,2007,1340,1284,1593,2018
"MSTRG.620",1,0,1,0,1,1,1,2,3,0
"MSTRG.621",1972,1961,2179,2847,3386,2412,2102,1660,2659,2119
"MSTRG.622",0,0,0,0,0,0,2,0,0,0
"MSTRG.623",0,0,0,0,0,0,0,0,0,0
"MSTRG.624",0,0,0,0,1,0,1,0,0,0
"MSTRG.625",0,1,0,2,0,1,1,5,3,0
"MSTRG.626",11,12,6,15,20,27,19,15,16,20
"MSTRG.627",0,0,0,0,0,0,0,0,0,0
"MSTRG.628",26,16,26,27,19,14,17,20,34,13
"MSTRG.629",8,8,14,13,3,8,4,3,9,9
"MSTRG.630",113,85,129,119,133,165,113,135,206,208
"MSTRG.631",1,0,0,0,0,0,0,0,0,0
"MSTRG.632",1,0,0,0,0,0,1,0,0,0
"MSTRG.633",0,0,0,0,0,0,0,0,0,0
"MSTRG.634",397,352,262,275,185,397,297,266,245,114
"MSTRG.635",0,0,0,0,0,0,0,0,0,0
"MSTRG.636",245,151,178,171,88,184,169,203,121,53
"MSTRG.637",3,3,0,0,1,4,5,0,0,0
"MSTRG.638",18,14,4,10,6,44,31,10,10,11
"MSTRG.639",19,10,9,6,8,15,16,9,7,17
"MSTRG.640",1,2,0,1,1,0,0,1,0,4
"MSTRG.641",0,0,0,0,0,0,0,0,0,0
"MSTRG.642",0,0,0,0,0,0,0,0,0,0
"MSTRG.643",73,91,20,62,35,17,80,4,54,12
"MSTRG.644",17,14,16,18,49,14,20,13,26,29
"MSTRG.645",7,7,10,6,13,7,12,5,9,20
"MSTRG.646",44,59,131,173,223,112,119,236,222,215
"MSTRG.647",44,86,214,132,143,70,119,11,177,182
"MSTRG.648",3,4,10,5,7,1,3,5,4,8
"MSTRG.649",0,0,0,0,0,0,0,0,0,0
"MSTRG.650",267,289,349,293,354,391,447,342,393,408
"MSTRG.651",1,1,1,2,1,5,0,0,1,3
"MSTRG.652",147,140,186,182,153,98,110,130,225,97
"MSTRG.653",40,61,62,72,42,65,115,13,50,43
"MSTRG.654",0,0,0,0,0,0,0,0,0,0
"MSTRG.655",336,290,337,323,409,401,381,432,444,410
"MSTRG.656",0,0,0,0,0,0,0,0,0,0
"MSTRG.657",654,342,267,122,44,254,199,60,139,32
"MSTRG.658",1,0,0,0,0,0,0,0,0,0
"MSTRG.659",4,6,10,12,5,2,3,0,1,1
"MSTRG.660",20,58,93,152,258,71,114,269,265,174
"MSTRG.661",335,271,240,214,154,248,193,199,171,177
"MSTRG.662",0,0,1,0,0,0,2,1,0,0
"MSTRG.663",0,0,2,0,2,0,0,0,2,0
"MSTRG.664",11,11,14,18,9,20,8,15,10,9
"MSTRG.665",1,2,1,3,0,3,1,0,2,0
"MSTRG.666",0,0,0,0,0,1,0,0,0,0
"MSTRG.667",225,164,107,112,175,136,121,73,113,346
"MSTRG.668",0,0,1,0,0,0,0,0,0,0
"MSTRG.669",0,0,0,0,0,0,0,0,0,0
"MSTRG.670",0,0,0,1,0,1,0,4,0,3
"MSTRG.671",4,4,2,1,5,2,4,2,3,4
"MSTRG.672",400,346,358,408,486,317,341,156,332,219
"MSTRG.673",2,4,3,4,10,3,0,0,3,4
"MSTRG.674",59,87,212,218,435,138,180,193,249,459
"MSTRG.675",3336,2782,2422,2435,2307,4664,3077,1916,2636,2396
"MSTRG.676",342,363,324,262,78,629,660,616,231,85
"MSTRG.677",1220,1107,1017,1051,847,1204,916,563,765,749
"MSTRG.678",264,328,460,473,1091,556,510,644,633,1500
"MSTRG.679",0,0,0,0,0,0,0,0,0,0
"MSTRG.680",0,1,1,1,2,3,2,3,2,6
"MSTRG.681",0,0,0,1,0,1,3,1,0,2
"MSTRG.682",1847,1678,1245,1342,966,1920,1336,1310,1164,958
"MSTRG.683",6789,5765,4792,4134,2764,5286,5120,5230,4729,3164
"MSTRG.684",1597,801,461,200,84,408,278,81,235,32
"MSTRG.685",55,39,26,56,42,95,37,40,49,90
"MSTRG.686",177,139,120,207,92,63,130,146,137,55
"MSTRG.687",45,33,35,40,31,36,43,21,19,27
"MSTRG.688",379,472,611,844,771,382,362,476,573,363
"MSTRG.689",5,5,10,11,6,6,7,0,11,9
"MSTRG.690",0,0,1,0,1,0,0,0,0,0
"MSTRG.691",12,8,11,12,6,14,14,18,11,25
"MSTRG.692",75,92,162,140,97,121,158,17,143,145
"MSTRG.693",463,230,153,63,15,167,101,41,66,10
"MSTRG.694",0,0,0,0,0,0,0,0,0,0
"MSTRG.695",22,41,62,19,97,15,43,21,39,24
"MSTRG.696",6,4,1,4,4,13,13,0,8,2
"MSTRG.697",292,233,185,200,125,299,189,148,174,273
"MSTRG.698",237,279,456,667,1879,282,351,518,679,1486
"MSTRG.699",1,1,1,0,2,3,1,0,1,1
"MSTRG.700",3,1,2,3,3,2,1,8,3,19
"MSTRG.701",20,27,21,30,20,7,1,6,4,5
"MSTRG.702",5,5,8,6,1,1,0,0,0,1
"MSTRG.703",1181,855,536,462,249,447,420,143,413,471
"MSTRG.704",115,104,100,101,67,73,109,87,61,44
"MSTRG.705",0,2,1,2,2,0,0,0,0,1
"MSTRG.706",0,0,0,1,0,0,0,0,0,0
"MSTRG.707",89,52,67,62,71,58,60,36,39,86
"MSTRG.708",739,497,474,366,323,454,447,247,369,655
"MSTRG.709",21,6,7,12,6,15,8,5,20,8
"MSTRG.710",17,19,15,15,24,33,30,26,19,29
"MSTRG.711",1,1,0,0,0,0,0,0,0,1
"MSTRG.712",548,444,517,380,328,563,404,363,391,356
"MSTRG.713",364,384,384,415,293,489,356,369,562,409
"MSTRG.714",12,21,20,14,18,5,19,15,12,34
"MSTRG.715",304,248,71,88,47,211,168,53,97,175
"MSTRG.716",31,43,22,32,16,20,32,10,30,18
"MSTRG.717",0,0,0,0,0,0,0,0,0,0
"MSTRG.718",1087,508,361,251,86,508,282,111,292,99
"MSTRG.719",3,4,2,1,1,6,4,2,1,5
"MSTRG.720",0,0,0,0,0,0,1,0,1,0
"MSTRG.721",7,7,4,14,4,8,10,4,10,1
"MSTRG.722",21,14,27,6,16,25,9,9,19,86
"MSTRG.723",0,0,0,0,0,0,0,0,0,0
"MSTRG.724",16,17,15,12,11,24,19,17,13,38
"MSTRG.725",0,0,0,0,0,0,0,0,0,0
"MSTRG.726",31,45,27,34,23,38,40,3,27,108
"MSTRG.727",0,0,0,0,0,0,0,0,0,0
"MSTRG.728",11,12,16,10,13,12,11,9,7,18
"MSTRG.729",17,12,21,33,88,10,10,14,28,246
"MSTRG.730",1079,1074,1273,1113,2874,747,866,1279,1355,985
"MSTRG.731",86,49,45,26,62,41,41,10,38,38
"MSTRG.732",3799,3850,4072,4145,3294,3109,3031,1667,2651,3619
"MSTRG.733",0,1,0,0,0,0,0,0,0,1
"MSTRG.734",35,35,45,42,20,50,49,15,38,34
"MSTRG.735",1355,1234,1057,872,395,1226,1013,939,856,376
"MSTRG.736",568,573,422,532,365,689,497,314,408,371
"MSTRG.737",70,69,81,81,81,99,61,93,77,65
"MSTRG.738",278,306,312,363,564,279,290,327,428,338
"MSTRG.739",244,178,176,156,232,183,134,123,151,127
"MSTRG.740",7,2,7,6,3,6,2,5,7,3
"MSTRG.741",564,567,415,523,359,681,491,315,404,367
"MSTRG.742",0,0,0,1,0,0,0,0,0,0
"MSTRG.743",3,0,2,1,3,2,1,2,4,19
"MSTRG.744",8,8,11,12,5,7,2,10,7,1
"MSTRG.745",0,0,0,0,0,0,0,0,0,0
"MSTRG.746",633,490,358,333,146,522,360,263,270,189
"MSTRG.747",500,366,285,307,250,589,365,116,331,373
"MSTRG.748",5,10,6,18,80,6,9,20,15,17
"MSTRG.749",55,63,48,44,53,48,51,31,30,93
"MSTRG.750",0,0,2,0,0,0,0,1,3,0
"MSTRG.751",0,0,0,0,137,2,0,0,0,553
"MSTRG.752",67,47,23,23,24,99,50,45,44,44
"MSTRG.753",17,14,3,12,8,26,15,6,14,24
"MSTRG.754",2595,2424,2237,2398,2709,3501,2426,2153,2797,3156
"MSTRG.755",36,33,32,30,43,33,42,24,46,30
"MSTRG.756",28,40,58,65,57,33,37,21,34,178
"MSTRG.757",1550,1068,918,812,594,1835,980,340,559,630
"MSTRG.758",4229,3820,4143,4653,3896,5833,4049,4500,4899,4952
"MSTRG.759",9,4,3,3,2,8,0,1,4,4
"MSTRG.760",352,250,287,233,101,272,194,162,197,136
"MSTRG.761",1960,1888,1955,1694,1241,2132,2425,2105,2305,548
"MSTRG.762",498,275,186,123,76,251,183,67,156,67
"MSTRG.763",163,191,154,202,140,150,145,221,142,109
"MSTRG.764",258,233,151,128,92,139,111,102,71,55
"MSTRG.765",539,483,535,660,828,488,462,646,661,480
"MSTRG.766",3071,2400,2428,2262,5439,2278,2594,3128,3159,5100
"MSTRG.767",350,255,275,292,192,285,243,252,245,154
"MSTRG.768",357,361,332,347,280,266,289,277,314,229
"MSTRG.769",978,875,899,852,626,792,875,880,957,716
"MSTRG.770",0,0,0,0,0,0,0,0,0,0
"MSTRG.771",93,103,95,79,121,59,99,123,104,138
"MSTRG.772",4,5,9,5,1,1,6,10,7,5
"MSTRG.773",21,31,41,35,22,38,34,38,55,28
"MSTRG.774",1186,1413,1384,1426,816,1040,1205,1541,1094,410
"MSTRG.775",643,691,695,689,857,568,689,711,741,1062
"MSTRG.776",3,3,3,3,0,4,6,4,2,9
"MSTRG.777",27,30,12,25,181,13,21,15,35,102
"MSTRG.778",152,157,169,202,164,128,211,140,222,105
"MSTRG.779",1060,1189,1188,1196,1173,1308,1187,1294,1274,1510
"MSTRG.780",4,11,55,44,25,21,12,41,30,66
"MSTRG.781",215,399,496,901,1501,423,621,1087,999,1731
"MSTRG.782",170,216,216,311,862,200,209,552,493,252
"MSTRG.783",0,0,0,0,0,0,0,0,0,0
"MSTRG.784",0,0,0,0,0,0,0,0,0,0
"MSTRG.785",9,3,1,1,0,0,3,2,0,2
"MSTRG.786",2,1,2,1,1,0,0,0,1,7
"MSTRG.787",223,195,185,142,145,278,181,172,201,214
"MSTRG.788",0,0,0,0,0,0,0,0,0,0
"MSTRG.789",81,99,70,80,70,117,113,61,78,26
"MSTRG.790",75,79,92,95,100,69,114,71,132,102
"MSTRG.791",0,0,1,0,0,0,0,0,0,2
"MSTRG.792",580,466,396,339,143,394,366,291,327,160
"MSTRG.793",20,10,10,22,8,12,17,11,15,4
"MSTRG.794",3,5,6,11,11,4,2,10,8,7
"MSTRG.795",0,0,0,0,0,0,0,0,0,0
"MSTRG.796",0,0,0,0,0,0,0,0,0,0
"MSTRG.797",0,0,0,0,0,0,1,0,0,0
"MSTRG.798",57,29,33,41,53,47,34,20,46,48
"MSTRG.799",29,37,26,20,19,35,20,25,31,35
"MSTRG.800",0,0,0,1,7,0,0,2,1,5
"MSTRG.801",71,137,295,330,1378,123,226,318,361,1921
"MSTRG.802",0,0,1,3,1,0,1,0,0,0
"MSTRG.803",22,31,41,65,101,13,38,29,57,99
"MSTRG.804",547,518,602,703,2975,581,724,991,1156,3966
"MSTRG.805",7,3,4,2,0,1,0,0,0,0
"MSTRG.806",63,43,27,8,0,9,13,5,0,0
"MSTRG.807",558,665,608,775,452,504,518,619,672,596
"MSTRG.808",19,20,19,22,15,19,17,13,29,16
"MSTRG.809",142,162,164,148,179,136,160,102,124,160
"MSTRG.810",450,403,339,416,456,431,406,441,501,391
"MSTRG.811",27,29,17,27,42,40,29,34,32,61
"MSTRG.812",469,360,369,304,228,352,319,265,345,248
"MSTRG.813",2,3,0,1,2,3,1,3,2,1
"MSTRG.814",0,0,2,1,0,0,2,0,4,2
"MSTRG.815",0,0,0,0,0,0,1,0,0,0
"MSTRG.816",1,7,12,5,7,6,15,9,6,2
"MSTRG.817",390,362,436,436,436,424,357,329,412,277
"MSTRG.818",1180,1094,894,906,650,1372,1004,562,976,1128
"MSTRG.819",400,327,319,407,197,402,293,330,347,216
"MSTRG.820",0,0,0,1,0,0,1,0,1,0
"MSTRG.821",1,8,2,0,0,4,4,1,2,0
"MSTRG.822",503,470,412,492,382,511,470,604,588,344
"MSTRG.823",6,2,2,3,4,5,1,12,8,42
"MSTRG.824",28,52,19,28,13,21,56,9,34,10
"MSTRG.825",4,4,9,6,6,7,4,6,5,9
"MSTRG.826",128,77,101,73,138,233,139,132,126,385
"MSTRG.827",0,1,0,0,0,0,0,0,0,5
"MSTRG.828",6,5,2,10,6,5,11,5,7,6
"MSTRG.829",1,0,1,0,1,1,5,2,2,12
"MSTRG.830",14864,14073,16260,15621,21183,13483,14886,14660,17743,33958
"MSTRG.831",443,468,950,780,2740,629,672,822,857,6470
"MSTRG.832",126,54,34,17,3,46,3,13,6,4
"MSTRG.833",788,806,619,813,1289,1085,986,1529,1358,1758
"MSTRG.834",1171,1016,864,834,821,957,845,686,849,937
"MSTRG.835",57,69,98,74,14,5,6,0,1,0
"MSTRG.836",0,0,0,0,0,1,1,0,1,1
"MSTRG.837",0,11,65,2,1,116,107,20,150,39
"MSTRG.838",0,0,0,0,0,1,0,0,0,0
"MSTRG.839",0,0,0,0,0,0,0,0,0,0
"MSTRG.840",1,0,1,0,0,6,2,0,3,2
"MSTRG.841",1248,1250,1299,1204,787,1696,1328,835,1147,1402
"MSTRG.842",0,0,0,0,0,0,0,0,0,0
"MSTRG.843",4,2,0,1,2,2,4,0,3,2
"MSTRG.844",2261,3051,3533,3167,1227,2533,3339,3728,3662,1683
"MSTRG.845",109,135,64,65,108,92,122,117,130,148
"MSTRG.846",506,432,399,372,250,394,290,227,211,225
"MSTRG.847",684,634,395,348,357,402,564,469,390,526
"MSTRG.848",115,195,268,308,151,202,273,372,430,91
"MSTRG.849",1212,1644,1584,1767,1774,1261,1712,2058,1848,1107
"MSTRG.850",4,7,3,7,3,2,6,4,10,1
"MSTRG.851",2,0,0,3,1,1,3,0,3,8
"MSTRG.852",4,3,5,4,13,9,4,10,12,33
"MSTRG.853",0,0,1,0,0,9,1,0,4,1
"MSTRG.854",0,0,0,0,0,0,0,0,0,0
"MSTRG.855",0,3,15,1,0,61,18,4,19,33
"MSTRG.856",0,0,3,0,0,24,4,0,8,7
"MSTRG.857",0,0,16,0,0,72,15,1,8,25
"MSTRG.858",15,7,19,15,27,20,17,33,25,15
"MSTRG.859",0,0,0,0,0,0,0,0,0,0
"MSTRG.860",1941,1908,1475,2295,1825,1966,1691,1296,1957,1628
"MSTRG.861",2,0,0,3,3,3,2,2,1,0
"MSTRG.862",1820,1415,997,928,485,1217,1318,1349,1072,617
"MSTRG.863",0,0,1,3,0,1,3,5,3,6
"MSTRG.864",180,140,105,108,89,127,120,135,149,141
"MSTRG.865",184,194,158,191,289,276,225,330,270,337
"MSTRG.866",95,116,117,141,133,110,142,153,156,116
"MSTRG.867",4,3,3,2,2,6,6,4,3,4
"MSTRG.868",11,5,1,1,0,4,4,4,1,0
"MSTRG.869",4050,3580,3556,4250,2607,4752,3262,2644,3636,2776
"MSTRG.870",2,0,0,0,0,3,1,2,1,1
"MSTRG.871",102,184,299,580,1519,90,127,246,300,209
"MSTRG.872",392,391,421,445,380,487,437,408,485,331
"MSTRG.873",0,0,1,5,2,1,3,0,1,2
"MSTRG.874",675,582,280,362,167,509,471,381,628,390
"MSTRG.875",24,20,16,17,14,33,20,15,10,9
"MSTRG.876",1,0,0,0,1,1,0,1,1,1
"MSTRG.877",24,22,36,47,59,30,33,56,69,85
"MSTRG.878",6200,5956,4826,3436,1637,4174,4255,3364,2575,1633
"MSTRG.879",946,943,1083,803,483,656,886,830,850,338
"MSTRG.880",1658,1358,1377,1211,800,1353,1293,1167,1048,746
"MSTRG.881",0,0,0,0,1,0,5,2,0,0
"MSTRG.882",0,1,0,1,1,16,29,35,18,2
"MSTRG.883",1677,1683,1836,1860,1730,1844,2022,1903,1979,1608
"MSTRG.884",54,60,51,44,33,31,44,75,42,22
"MSTRG.885",1,0,0,0,0,1,0,0,0,0
"MSTRG.886",20,15,21,8,19,8,9,6,5,8
"MSTRG.887",46,59,60,52,52,47,75,45,57,57
"MSTRG.888",1688,2637,3274,4702,3978,2305,3424,5287,4822,1480
"MSTRG.889",49,74,36,57,67,50,63,104,76,87
"MSTRG.890",1459,1372,1377,1316,1058,1186,1192,1840,1216,976
"MSTRG.891",78,96,109,159,329,73,86,159,123,189
"MSTRG.892",0,0,0,0,1,0,0,0,0,0
"MSTRG.893",9,6,3,11,7,6,10,12,6,8
"MSTRG.894",0,0,0,1,1,0,0,0,2,1
"MSTRG.895",3897,4013,3511,3906,2864,3533,3501,4343,4048,2387
"MSTRG.896",667,654,579,446,295,468,546,348,473,242
"MSTRG.897",20,17,19,14,14,16,15,27,9,10
"MSTRG.898",24,29,14,19,13,17,25,19,20,6
"MSTRG.899",845,945,912,859,849,638,904,932,856,567
"MSTRG.900",29,44,56,53,68,33,58,94,65,127
"MSTRG.901",933,817,871,819,830,973,724,1264,816,879
"MSTRG.902",355,330,320,296,110,232,334,247,281,126
"MSTRG.903",53,53,21,21,6,67,48,15,16,2
"MSTRG.904",1416,1328,1228,1081,1136,1310,1365,1259,1298,878
"MSTRG.905",2,5,1,2,0,0,0,0,3,3
"MSTRG.906",2,21,1,3,0,3,19,1,0,2
"MSTRG.907",1,2,0,0,0,0,1,0,0,0
"MSTRG.908",6,7,3,0,1,1,1,3,2,1
"MSTRG.909",24,29,51,30,16,46,44,33,20,32
"MSTRG.910",60,54,76,36,35,81,71,74,44,51
"MSTRG.911",162,127,123,124,130,294,266,315,261,246
"MSTRG.912",1,2,3,5,16,1,4,2,11,25
"MSTRG.913",6,6,8,4,7,4,8,5,7,5
"MSTRG.914",187,201,290,306,506,355,354,328,431,535
"MSTRG.915",90,99,95,144,147,154,150,126,189,188
"MSTRG.916",1122,1069,1075,1241,885,1488,1249,1299,1341,1253
"MSTRG.917",6059,6684,7276,4971,3324,12006,9894,10615,6992,3131
"MSTRG.918",764,867,687,717,378,1070,978,772,870,696
"MSTRG.919",267,233,193,172,81,281,171,162,123,129
"MSTRG.920",912,786,949,933,1300,872,747,1259,911,1305
"MSTRG.921",1050,893,769,692,398,874,720,579,638,540
"MSTRG.922",9,7,10,16,39,8,14,2,11,9
"MSTRG.923",212,362,450,648,1394,284,525,852,904,1166
"MSTRG.924",0,0,0,0,1,0,0,1,0,1
"MSTRG.925",1,0,0,0,1,0,0,0,0,0
"MSTRG.926",1298,1070,1163,860,779,880,1111,414,1005,543
"MSTRG.927",0,1,0,0,0,0,0,0,1,0
"MSTRG.928",307,240,209,201,181,230,194,184,213,106
"MSTRG.929",16,17,20,11,8,17,20,4,8,6
"MSTRG.930",1291,1035,1119,945,1604,1231,884,465,788,1846
"MSTRG.931",6,5,4,7,6,9,13,9,8,8
"MSTRG.932",0,0,0,0,0,0,0,1,0,1
"MSTRG.933",3,4,2,11,10,7,4,10,15,19
"MSTRG.934",1478,1005,1092,1248,927,1265,973,1015,1120,978
"MSTRG.935",0,0,0,0,0,0,0,0,0,0
"MSTRG.936",323,242,232,280,103,291,253,168,259,135
"MSTRG.937",0,0,0,0,0,0,0,0,0,0
"MSTRG.938",4,3,5,8,6,12,1,5,5,4
"MSTRG.939",3,6,3,8,4,8,2,6,8,1
"MSTRG.940",335,488,425,560,383,393,492,819,506,209
"MSTRG.941",18,21,13,22,14,13,33,12,24,28
"MSTRG.942",11,8,9,10,5,19,19,11,13,3
"MSTRG.943",244,214,349,449,594,541,341,647,750,426
"MSTRG.944",0,1,0,0,0,0,0,0,0,0
"MSTRG.945",405,394,508,554,993,789,688,574,899,525
"MSTRG.946",2,0,3,2,3,5,0,3,3,0
"MSTRG.947",1,0,1,7,3,3,4,2,9,4
"MSTRG.948",12,6,2,3,1,5,4,0,2,2
"MSTRG.949",0,0,0,0,0,0,0,0,0,0
"MSTRG.950",0,0,0,0,0,0,0,0,0,0
"MSTRG.951",15,21,19,9,15,12,15,17,17,16
"MSTRG.952",75,58,54,44,28,79,66,35,44,58
"MSTRG.953",6,13,13,10,19,10,8,5,8,3
"MSTRG.954",28,35,15,24,31,47,40,7,35,116
"MSTRG.955",1248,939,991,1077,1006,974,819,1009,968,619
"MSTRG.956",13,11,8,11,2,12,10,8,8,15
"MSTRG.957",10,5,6,29,11,10,4,7,6,10
"MSTRG.958",220,156,140,83,123,160,104,60,98,463
"MSTRG.959",86,65,53,28,23,57,55,37,44,194
"MSTRG.960",0,1,0,1,0,0,0,0,0,1
"MSTRG.961",1,2,2,0,2,1,0,0,0,2
"MSTRG.962",643,582,916,1153,2032,562,719,537,1346,2100
"MSTRG.963",0,0,0,0,0,0,0,0,0,0
"MSTRG.964",879,799,810,586,814,748,644,484,497,763
"MSTRG.965",7,2,1,4,21,0,1,0,8,25
"MSTRG.966",0,0,0,0,0,0,0,0,0,0
"MSTRG.967",504,488,441,498,348,509,399,297,343,420
"MSTRG.968",33,31,25,30,32,12,13,14,30,114
"MSTRG.969",0,1,0,0,0,0,0,0,0,0
"MSTRG.970",0,0,0,0,0,0,0,0,0,4
"MSTRG.971",18,13,50,48,102,8,42,21,82,600
"MSTRG.972",1469,1207,910,725,547,941,1018,979,735,424
"MSTRG.973",3113,2151,2439,1926,1123,3002,1774,1383,1495,1335
"MSTRG.974",392,202,86,99,69,50,40,34,48,57
"MSTRG.975",0,0,0,0,1,0,0,0,0,0
"MSTRG.976",3,1,0,5,6,0,0,0,3,1
"MSTRG.977",1034,790,695,533,938,900,660,587,640,743
"MSTRG.978",867,761,822,997,716,766,607,747,796,793
"MSTRG.979",1203,1050,1278,1298,987,1391,1129,1153,1234,769
"MSTRG.980",0,0,0,0,0,0,0,0,1,0
"MSTRG.981",0,0,1,1,0,0,0,0,0,0
"MSTRG.982",6,9,7,1,3,9,8,7,5,3
"MSTRG.983",106,153,270,248,434,182,351,326,359,148
"MSTRG.984",7,4,14,4,2,11,10,9,2,2
"MSTRG.985",746,811,807,1126,1937,924,954,899,1207,1537
"MSTRG.986",7,16,19,18,20,5,5,6,8,10
"MSTRG.987",1,1,2,9,59,2,1,0,1,2
"MSTRG.988",125,116,205,349,671,219,186,312,361,303
"MSTRG.989",584,479,443,398,370,590,466,429,477,473
"MSTRG.990",612,610,674,668,1112,771,699,945,772,870
"MSTRG.991",0,2,5,3,1,6,3,7,1,1
"MSTRG.992",1473,2183,239,808,1017,6030,4028,7203,5852,1168
"MSTRG.993",2,1,0,1,1,2,0,2,2,1
"MSTRG.994",77,26,23,108,31,130,16,29,59,32
"MSTRG.995",1,5,9,1,0,1,0,5,4,0
"MSTRG.996",15,15,12,19,8,21,21,28,28,4
"MSTRG.997",1,0,1,0,0,0,0,0,0,0
"MSTRG.998",171,162,131,173,114,141,183,215,244,44
"MSTRG.999",4,4,6,11,20,11,8,8,27,3
"MSTRG.1000",227,162,175,225,194,187,184,135,193,149
"MSTRG.1001",765,602,550,538,329,676,490,311,504,546
"MSTRG.1002",28,41,42,78,253,9,10,41,45,42
"MSTRG.1003",1068,975,1126,947,965,1223,844,474,729,1140
"MSTRG.1004",15,28,44,33,15,22,21,60,38,10
"MSTRG.1005",123,160,343,304,395,180,268,283,363,920
"MSTRG.1006",0,1,0,0,1,0,0,0,0,6
"MSTRG.1007",969,1491,2477,3123,2165,1939,2225,2456,3176,4386
"MSTRG.1008",0,0,0,0,1,0,0,0,0,0
"MSTRG.1009",24,33,40,54,42,34,28,29,40,55
"MSTRG.1010",4,3,10,11,3,5,5,1,9,7
"MSTRG.1011",775,785,781,757,563,751,728,553,634,625
"MSTRG.1012",14,10,19,16,5,12,14,6,7,6
"MSTRG.1013",331,423,492,690,360,362,399,436,557,383
"MSTRG.1014",1158,1223,1137,1385,2218,1641,1446,959,1394,1256
"MSTRG.1015",7,6,20,18,28,7,12,5,16,25
"MSTRG.1016",9,9,9,9,4,19,9,2,4,12
"MSTRG.1017",0,0,0,0,0,0,0,0,0,0
"MSTRG.1018",0,3,0,1,1,0,1,0,2,0
"MSTRG.1019",0,0,0,0,0,0,0,0,0,0
"MSTRG.1020",4,9,7,22,23,25,36,73,64,18
"MSTRG.1021",339,338,432,525,699,1070,1073,823,1025,528
"MSTRG.1022",0,0,1,1,1,1,0,0,3,2
"MSTRG.1023",2,0,6,5,6,3,3,4,3,0
"MSTRG.1024",1285,1743,2386,2571,4563,2013,2050,2207,2817,3111
"MSTRG.1025",0,3,1,1,0,1,2,0,0,0
"MSTRG.1026",0,0,0,0,0,0,0,0,0,0
"MSTRG.1027",41,40,41,33,45,22,17,29,36,37
"MSTRG.1028",56,58,69,38,16,25,26,2,13,27
"MSTRG.1029",2498,3353,5155,5228,1552,2257,1925,3191,3026,985
"MSTRG.1030",24,36,24,37,22,1,7,3,3,13
"MSTRG.1031",153,126,70,95,37,132,98,102,107,77
"MSTRG.1032",113,129,66,66,20,41,1,6,7,0
"MSTRG.1033",1,0,0,2,0,0,0,1,0,0
"MSTRG.1034",7,7,8,10,5,6,5,4,6,0
"MSTRG.1035",5,51,82,209,4,90,57,35,131,1
"MSTRG.1036",0,0,0,0,2,0,0,0,0,0
"MSTRG.1037",799,642,362,240,271,844,553,657,869,729
"MSTRG.1038",886,822,962,1010,1441,1017,903,681,1192,1193
"MSTRG.1039",5407,4445,3352,3097,1182,3738,3723,4810,2902,1243
"MSTRG.1040",0,0,0,0,1,0,0,0,0,0
"MSTRG.1041",3,0,1,1,0,2,3,0,0,0
"MSTRG.1042",669,417,336,268,137,424,396,325,173,23
"MSTRG.1043",140,82,52,41,40,57,88,48,43,10
"MSTRG.1044",22,20,21,20,20,24,14,7,11,13
"MSTRG.1045",904,859,1073,1338,1367,1030,877,631,1019,781
"MSTRG.1046",0,0,1,0,2,1,2,0,2,2
"MSTRG.1047",2,0,3,3,0,2,2,0,0,2
"MSTRG.1048",1,1,2,0,0,0,3,1,1,0
"MSTRG.1049",4,5,3,1,3,3,7,1,1,2
"MSTRG.1050",399,189,107,77,23,38,42,31,30,13
"MSTRG.1051",376,300,288,313,252,839,457,345,393,406
"MSTRG.1052",0,2,0,0,3,0,1,0,2,0
"MSTRG.1053",867,712,690,681,695,909,686,486,659,656
"MSTRG.1054",0,0,0,0,0,0,0,0,0,0
"MSTRG.1055",355,430,436,458,430,577,569,575,594,280
"MSTRG.1056",6405,5068,5992,5829,4658,7079,4481,3552,4489,3614
"MSTRG.1057",2,1,3,1,0,0,5,1,3,1
"MSTRG.1058",379,356,385,459,462,427,319,313,448,652
"MSTRG.1059",0,0,0,0,0,0,0,0,0,0
"MSTRG.1060",120,103,100,121,193,154,115,121,106,278
"MSTRG.1061",2,2,2,1,1,1,1,1,1,4
"MSTRG.1062",447,390,348,573,744,344,505,522,647,777
"MSTRG.1063",395,392,467,438,416,473,407,323,337,650
"MSTRG.1064",283,192,166,149,129,220,173,104,195,247
"MSTRG.1065",91,29,40,58,104,32,27,21,64,148
"MSTRG.1066",454,324,267,260,302,370,260,89,326,481
"MSTRG.1067",2,1,2,2,3,3,1,0,1,1
"MSTRG.1068",0,0,0,0,0,0,0,1,0,0
"MSTRG.1069",649,569,585,519,547,699,499,278,408,916
"MSTRG.1070",10,18,24,22,17,22,24,22,29,38
"MSTRG.1071",0,0,0,0,0,0,0,0,0,0
"MSTRG.1072",1,1,0,0,0,0,0,0,0,0
"MSTRG.1073",451,438,242,330,243,555,442,368,391,293
"MSTRG.1074",47,30,36,26,18,39,37,29,34,7
"MSTRG.1075",0,0,0,0,0,0,0,0,0,0
"MSTRG.1076",366,428,411,505,323,451,682,808,679,253
"MSTRG.1077",2,0,4,5,0,4,4,9,2,2
"MSTRG.1078",4,7,14,5,10,3,5,3,6,5
"MSTRG.1079",0,0,0,0,0,0,0,0,0,0
"MSTRG.1080",17,0,9,0,18,0,0,10,0,40
"MSTRG.1081",4,1,0,0,3,0,0,1,0,7
"MSTRG.1082",5,7,0,2,0,7,6,2,1,2
"ENSMUSG00000118203",0,0,0,0,0,0,0,0,0,0
"ENSMUSG00000117886",9,10,10,6,1,7,11,6,1,10
"ENSMUSG00000118213",0,1,0,0,0,0,0,0,0,0
"ENSMUSG00000118129",0,0,0,0,0,0,0,0,0,0
"ENSMUSG00000037263",1,0,0,1,2,0,1,0,3,4
"ENSMUSG00000037477",0,0,1,1,0,4,0,0,2,2
"ENSMUSG00000058216",0,0,0,0,0,0,0,0,0,0
"ENSMUSG00000104921",0,0,0,0,0,0,0,0,0,0
"ENSMUSG00000064400",0,0,0,0,0,0,0,0,0,0
"ENSMUSG00000118245",1,5,4,4,8,0,2,7,8,8
"ENSMUSG00000117718",0,1,2,1,1,2,1,2,3,0
"ENSMUSG00000042041",0,1,0,0,0,0,0,1,1,0
"ENSMUSG00000117723",0,0,0,1,2,2,0,0,1,0
"ENSMUSG00000118009",0,0,0,0,0,0,0,0,0,0
"ENSMUSG00000117807",2,3,3,4,2,5,2,3,8,6
"ENSMUSG00000038498",0,0,0,0,1,0,0,0,0,0
"ENSMUSG00000118610",0,0,0,0,1,2,0,3,0,5
"ENSMUSG00000039330",0,3,1,1,3,2,2,2,0,2
"ENSMUSG00000120167",4,4,4,3,0,0,0,2,0,2
"ENSMUSG00002076078",0,0,0,0,0,0,0,0,0,0
"ENSMUSG00000117845",0,0,0,0,0,0,0,0,0,0
"ENSMUSG00000120141",2,0,1,3,0,2,4,3,0,1
"ENSMUSG00000024936",4,2,4,1,0,3,9,0,3,3
"ENSMUSG00000120562",0,0,0,0,0,0,0,0,0,0
"ENSMUSG00002074969",0,0,0,0,0,0,0,0,0,0
"ENSMUSG00000037451",0,0,0,0,0,0,0,0,0,0
"ENSMUSG00000118194",0,0,0,0,0,0,1,0,0,0
"ENSMUSG00000024786",0,0,0,3,0,1,0,0,2,0
"ENSMUSG00000065523",0,0,0,0,0,0,0,0,0,1
"ENSMUSG00000085196",3,5,5,10,3,4,3,5,7,5
"ENSMUSG00000117681",0,0,0,0,0,0,0,0,0,0
"ENSMUSG00000118062",0,0,1,0,0,1,1,0,0,0
"ENSMUSG00000084825",0,0,0,0,0,0,0,0,0,0
"ENSMUSG00000085285",0,0,0,0,0,0,0,0,1,0
"ENSMUSG00000119835",0,0,0,0,0,0,0,0,0,0
"ENSMUSG00002075307",0,0,0,0,0,0,0,0,0,0
"ENSMUSG00000120626",0,0,0,0,0,0,1,0,1,1
"ENSMUSG00000118297",2,1,0,2,0,3,1,0,3,1
"ENSMUSG00000024973",1,1,1,0,0,0,0,0,0,0
"ENSMUSG00000024757",1,2,1,1,0,0,2,0,2,0
"ENSMUSG00000083160",0,0,0,0,0,0,0,0,0,0
"ENSMUSG00000081596",0,0,0,0,0,0,0,0,0,0
"ENSMUSG00000053303",0,0,0,0,0,0,0,0,0,0
"ENSMUSG00000118036",1,0,0,0,0,0,0,1,0,0
"ENSMUSG00000052562",1,1,0,2,2,0,0,1,2,0
"ENSMUSG00000118305",0,0,0,0,0,0,0,0,0,0
"ENSMUSG00000071656",13,14,16,22,20,23,20,32,32,18
"ENSMUSG00000024653",1,0,0,0,1,0,0,0,0,0
"ENSMUSG00000101398",0,0,0,0,0,0,0,0,0,0
"ENSMUSG00000096818",0,0,0,0,0,0,0,0,0,0
"ENSMUSG00000100141",6,2,5,4,0,9,3,0,3,1
"ENSMUSG00000117756",0,0,0,0,0,0,0,0,0,0
"ENSMUSG00000096872",1,0,0,0,0,0,0,0,0,0
"ENSMUSG00002076484",0,0,0,1,0,0,0,0,0,0
"ENSMUSG00000117700",0,0,0,0,0,0,0,0,0,0
"ENSMUSG00000024738",0,0,0,0,1,0,0,0,0,0
"ENSMUSG00000114772",0,0,1,0,0,0,0,0,0,0
"ENSMUSG00000067577",2,0,1,0,0,6,2,3,6,0
"ENSMUSG00000024670",1,1,1,1,10,0,0,1,1,1
"ENSMUSG00000024731",0,0,0,0,0,0,0,0,0,0
"ENSMUSG00000067571",0,0,0,7,0,0,0,0,0,0
"ENSMUSG00000094584",0,0,0,0,0,0,0,0,0,0
"ENSMUSG00000101264",0,0,0,0,0,0,0,0,0,0
"ENSMUSG00000024730",0,0,0,0,0,0,0,0,1,0
"ENSMUSG00000024728",0,0,0,0,0,0,0,0,0,0
"ENSMUSG00000057240",0,0,0,0,0,0,0,0,0,0
"ENSMUSG00000099398",3,1,5,4,3,6,4,0,0,0
"ENSMUSG00000100392",0,0,0,0,0,0,0,0,0,0
"ENSMUSG00000056290",0,0,0,1,0,0,1,0,1,0
"ENSMUSG00000058470",0,0,0,2,1,0,1,0,1,0
"ENSMUSG00000120890",0,0,0,0,0,0,1,0,0,0
"ENSMUSG00000024678",0,0,0,0,0,0,1,0,0,1
"ENSMUSG00000067555",0,0,0,0,0,0,0,0,0,0
"ENSMUSG00000104088",0,0,0,0,0,0,0,0,0,1
"ENSMUSG00000119417",0,0,0,0,0,0,0,0,0,0
"ENSMUSG00000024680",0,0,1,2,0,1,3,1,2,0
"ENSMUSG00000024681",0,0,0,2,1,1,0,0,0,0
"ENSMUSG00000055895",0,0,0,0,0,0,0,0,0,0
"ENSMUSG00000041857",0,0,0,0,0,0,0,0,0,0
"ENSMUSG00000088310",0,0,0,0,0,0,0,0,0,0
"ENSMUSG00000089625",0,0,0,0,0,0,0,0,0,0
"ENSMUSG00000055933",0,0,0,0,0,0,0,0,0,0
"ENSMUSG00000100918",0,0,0,0,0,0,0,0,0,0
"ENSMUSG00000024682",0,1,0,0,0,1,1,1,0,0
"ENSMUSG00000060556",0,0,0,3,0,3,3,4,3,0
"ENSMUSG00000108966",0,0,0,0,0,0,0,0,0,0
"ENSMUSG00000067545",1,1,1,0,1,0,1,0,2,0
"ENSMUSG00000060878",4,4,5,2,3,10,2,4,7,3
"ENSMUSG00000109030",0,0,0,0,0,0,0,0,0,0
"ENSMUSG00000109047",0,0,0,0,0,0,0,0,0,0
"ENSMUSG00000108947",0,0,0,0,0,0,0,0,0,0
"ENSMUSG00000109223",0,0,0,0,0,0,0,0,0,0
"ENSMUSG00000067528",0,0,0,0,0,0,0,0,0,0
"ENSMUSG00000067526",1,0,0,0,0,0,0,0,0,0
"ENSMUSG00000044994",0,0,0,0,0,0,0,0,0,0
"ENSMUSG00000067525",0,0,0,0,0,0,0,0,0,0
"ENSMUSG00000067524",0,0,0,0,0,0,0,0,0,0
"ENSMUSG00000067522",0,0,0,0,0,0,0,0,0,0
"ENSMUSG00000108889",0,0,1,0,0,0,0,0,0,0
"ENSMUSG00000109410",0,0,0,0,0,0,0,0,0,0
"ENSMUSG00000094133",0,0,0,0,0,0,0,0,0,0
"ENSMUSG00000109022",0,0,0,0,0,0,0,0,0,0
"ENSMUSG00000067519",0,0,0,0,1,0,0,0,0,0
"ENSMUSG00000097646",0,0,0,0,0,0,0,0,0,0
"ENSMUSG00000060049",0,0,0,0,0,0,1,0,0,0
"ENSMUSG00000118093",2,6,1,4,4,3,3,2,3,1
"ENSMUSG00000095640",0,0,0,0,0,0,0,0,0,0
"ENSMUSG00000109433",0,0,0,0,0,0,0,0,0,0
"ENSMUSG00000067513",0,0,0,0,0,0,0,0,0,0
"ENSMUSG00000109229",0,0,0,0,0,0,0,0,0,0
"ENSMUSG00000096436",0,0,1,0,0,0,0,0,0,0
"ENSMUSG00000109328",0,0,0,0,0,0,0,0,0,0
"ENSMUSG00000109007",0,0,0,0,0,0,0,0,0,0
"ENSMUSG00000046650",0,0,0,0,1,0,0,0,0,0
"ENSMUSG00000050815",0,0,0,0,0,0,0,0,0,0
"ENSMUSG00000040065",1,0,0,0,0,0,1,0,0,0
"ENSMUSG00000063683",0,0,1,0,0,0,0,0,1,1
"ENSMUSG00000065892",0,0,0,0,0,0,0,0,0,0
"ENSMUSG00000044441",0,0,0,0,0,0,0,0,0,0
"ENSMUSG00000045030",0,0,0,0,0,0,0,0,0,0
"ENSMUSG00000109309",0,0,0,0,0,0,0,0,0,0
"ENSMUSG00000024694",0,0,0,0,0,0,1,0,1,0
"ENSMUSG00000084981",0,0,0,0,0,0,0,0,0,0
"ENSMUSG00000091014",0,0,0,0,0,0,0,0,0,0
"ENSMUSG00000046272",0,0,0,0,0,0,0,0,0,0
"ENSMUSG00000045126",0,0,0,0,0,0,0,0,0,0
"ENSMUSG00000057817",0,0,0,0,0,0,0,0,0,0
"ENSMUSG00000060303",0,0,0,0,0,0,0,0,0,0
"ENSMUSG00000048456",0,0,0,0,0,0,0,0,0,0
"ENSMUSG00000049498",0,0,0,0,0,0,0,0,0,0
"ENSMUSG00000062892",0,0,0,0,0,0,0,0,0,0
"ENSMUSG00000046913",0,0,0,0,0,0,0,0,0,0
"ENSMUSG00000109148",0,0,0,0,0,0,0,0,0,0
"ENSMUSG00000094755",0,0,0,0,0,0,0,0,0,0
"ENSMUSG00000094986",0,0,0,0,0,0,0,0,0,0
"ENSMUSG00000109126",0,0,0,0,0,0,0,0,0,0
"ENSMUSG00000067482",0,0,0,0,0,0,0,0,0,0
"ENSMUSG00000061637",0,0,0,0,0,0,0,0,0,0
"ENSMUSG00000062844",0,0,0,0,0,0,0,0,0,0
"ENSMUSG00000057503",16,13,12,17,9,16,11,15,18,8
"ENSMUSG00000109415",0,0,0,0,0,0,0,0,0,0
"ENSMUSG00000045883",0,0,0,0,0,0,0,0,0,0
"ENSMUSG00000094721",0,0,0,0,0,0,0,0,0,0
"ENSMUSG00000096365",0,0,0,0,0,0,0,0,0,0
"ENSMUSG00000109100",0,0,0,0,0,0,0,0,0,0
"ENSMUSG00000119251",0,0,0,0,0,0,0,0,0,0
"ENSMUSG00000062199",0,0,0,0,0,0,0,0,0,0
"ENSMUSG00000096485",0,0,0,0,0,0,0,0,0,0
"ENSMUSG00000049015",0,0,0,0,0,0,0,0,0,0
"ENSMUSG00000109544",0,0,0,0,0,0,0,0,0,0
"ENSMUSG00000108881",0,0,0,0,0,0,0,0,0,0
"ENSMUSG00000063777",0,0,0,0,0,0,0,0,0,0
"ENSMUSG00000109230",0,0,0,0,0,0,0,0,0,0
"ENSMUSG00000096320",0,0,0,0,0,0,0,0,0,0
"ENSMUSG00000095189",0,0,0,0,0,0,0,0,0,0
"ENSMUSG00000109573",0,0,0,0,0,0,0,0,0,0
"ENSMUSG00000096273",0,0,0,0,0,0,0,0,0,0
"ENSMUSG00000096708",0,0,0,0,0,0,0,0,0,0
"ENSMUSG00000109189",0,0,0,0,0,0,0,0,0,0
"ENSMUSG00000071629",0,0,0,0,0,0,0,0,0,0
"ENSMUSG00000109184",0,0,0,0,0,0,0,0,0,0
"ENSMUSG00000108887",0,0,0,0,0,0,0,0,0,0
"ENSMUSG00000118174",0,0,0,0,0,0,1,0,0,0
"ENSMUSG00000095484",0,0,0,0,0,0,0,0,0,0
"ENSMUSG00000108945",0,0,0,0,0,0,0,0,0,0
"ENSMUSG00000109319",0,0,0,0,0,0,0,0,0,0
"ENSMUSG00000108974",0,0,0,0,0,0,0,0,0,0
"ENSMUSG00000096289",0,0,0,0,0,0,0,0,0,0
"ENSMUSG00000109496",0,0,0,0,0,0,0,0,0,0
"ENSMUSG00000109343",0,0,0,0,0,0,0,0,0,0
"ENSMUSG00002075623",0,0,0,0,0,0,0,0,0,0
"ENSMUSG00002076425",0,0,0,0,0,0,0,0,0,0
"ENSMUSG00000094846",0,0,0,0,0,0,0,0,0,0
"ENSMUSG00000109285",0,0,0,0,0,0,0,0,0,0
"ENSMUSG00000045678",0,0,0,0,0,0,1,0,0,0
"ENSMUSG00000077291",0,0,0,0,0,0,0,0,0,0
"ENSMUSG00000061387",0,0,0,0,0,0,0,0,0,0
"ENSMUSG00000051156",0,0,0,0,0,0,0,0,0,0
"ENSMUSG00000109527",0,0,0,0,0,0,0,0,0,0
"ENSMUSG00000109520",0,0,0,0,0,0,0,0,0,0
"ENSMUSG00000050865",0,0,0,0,1,0,0,0,0,0
"ENSMUSG00000047207",0,0,0,0,0,0,0,0,0,0
"ENSMUSG00000048356",0,0,0,0,0,0,0,0,0,0
"ENSMUSG00000044040",0,0,0,0,0,0,0,0,0,0
"ENSMUSG00000109530",0,0,0,0,0,0,0,0,0,0
"ENSMUSG00000045395",0,0,0,0,0,0,0,0,0,0
"ENSMUSG00000054526",0,0,0,0,0,0,0,0,0,0
"ENSMUSG00000057270",0,0,0,0,0,0,0,0,0,0
"ENSMUSG00000056858",0,0,0,0,0,0,0,0,0,0
"ENSMUSG00000058078",0,0,0,0,0,0,0,0,0,0
"ENSMUSG00000059105",0,0,0,0,0,0,0,0,0,0
"ENSMUSG00000062314",0,0,0,0,0,0,0,0,0,0
"ENSMUSG00000098074",0,0,0,0,0,0,0,0,0,0
"ENSMUSG00000120068",2,1,1,3,0,1,0,2,3,3
"ENSMUSG00000103488",0,0,0,0,0,0,0,0,0,0
"ENSMUSG00002076668",0,0,0,0,0,0,0,0,0,0
"ENSMUSG00000120901",0,0,0,0,0,0,0,0,0,0
"ENSMUSG00000063586",5,8,6,4,1,10,9,1,5,2
"ENSMUSG00000118757",0,0,0,0,0,0,0,0,0,0
"ENSMUSG00000117995",3,3,1,0,0,1,1,1,3,0
"ENSMUSG00000117711",0,0,1,1,0,2,0,0,0,0
"ENSMUSG00000118142",0,1,0,0,0,1,0,0,0,0
"ENSMUSG00000118033",1,3,1,1,0,4,3,1,2,1
"ENSMUSG00000118126",2,3,0,1,0,7,0,5,5,0
"ENSMUSG00000056829",4,4,5,0,2,10,0,6,4,0
"ENSMUSG00000117941",0,0,0,0,0,0,0,0,0,1
"ENSMUSG00000118367",0,0,0,0,0,0,0,0,0,0
"ENSMUSG00000117946",0,0,0,0,0,0,0,0,0,0
"ENSMUSG00000088370",0,0,0,0,0,0,0,0,0,0
"ENSMUSG00000118079",0,0,1,0,0,0,0,0,0,0
"ENSMUSG00000119544",0,0,0,0,0,0,0,0,0,0
"ENSMUSG00002076798",0,0,0,0,0,0,0,0,0,0
"ENSMUSG00000117687",0,0,0,0,0,0,0,0,0,0
"ENSMUSG00000117774",0,0,0,0,0,0,0,0,0,0
"ENSMUSG00000118192",0,0,0,0,0,0,0,0,0,0
"ENSMUSG00000117909",0,0,0,0,0,0,0,0,0,0
"ENSMUSG00000088907",0,0,0,0,0,0,0,0,0,0
"ENSMUSG00000118109",0,0,0,0,0,0,0,0,0,0
"ENSMUSG00000118150",0,0,1,0,0,0,0,0,0,0
"ENSMUSG00000064783",0,0,0,0,0,0,0,0,0,0
"ENSMUSG00000118067",1,0,0,0,0,2,0,0,0,0
"ENSMUSG00000118047",0,0,0,0,0,0,0,0,0,0
"ENSMUSG00000118086",9,2,4,3,7,9,10,8,8,10
"ENSMUSG00000118090",0,0,0,0,0,0,0,0,0,0
"ENSMUSG00000118044",0,0,0,0,0,0,0,0,0,0
"ENSMUSG00000118342",0,0,0,0,0,0,0,0,0,0
"ENSMUSG00000079382",1,0,3,2,3,1,1,0,1,4
"ENSMUSG00000121016",1,4,2,1,1,0,2,6,1,5
"ENSMUSG00000118055",0,0,0,0,0,0,0,0,0,0
"ENSMUSG00000118237",0,0,0,0,0,0,0,0,0,0
"ENSMUSG00000118273",0,0,0,0,0,1,0,1,0,0
"ENSMUSG00000118226",3,2,2,6,2,4,3,0,2,5
"ENSMUSG00000044387",0,0,0,0,3,0,0,0,0,0
"ENSMUSG00000120011",0,0,0,0,0,0,0,0,1,0
"ENSMUSG00000120380",0,0,0,0,1,0,0,0,0,2
"ENSMUSG00000117837",0,0,0,0,3,0,0,0,0,0
"ENSMUSG00000118919",0,0,0,0,0,0,0,0,0,0
"ENSMUSG00000117685",0,0,0,0,0,0,0,0,0,0
"ENSMUSG00000096796",0,0,0,0,0,0,0,0,0,0
"ENSMUSG00000117979",1,3,2,3,1,1,0,2,1,2
"ENSMUSG00000051490",0,0,0,0,0,5,13,4,3,1
"ENSMUSG00000064843",0,0,0,0,0,0,0,0,0,0
"ENSMUSG00000117720",0,0,0,0,0,0,0,0,0,0
"ENSMUSG00000024837",8,2,0,0,1,1,0,0,0,0
"ENSMUSG00000101089",0,0,0,0,0,0,0,0,0,0
"ENSMUSG00000098105",6,5,7,5,6,3,4,3,6,9
"ENSMUSG00000118016",0,0,0,0,0,0,0,0,0,0
"ENSMUSG00000117950",0,0,0,1,1,0,0,0,0,0
"ENSMUSG00000084589",0,0,0,0,0,1,0,0,0,0
"ENSMUSG00000118005",0,0,0,0,0,0,0,0,0,0
"ENSMUSG00000117707",0,0,0,0,0,0,0,0,0,0
"ENSMUSG00000118001",0,0,0,1,1,1,0,0,1,0
"ENSMUSG00000117803",0,0,0,0,0,0,0,0,0,0
"ENSMUSG00000114682",0,0,0,0,0,0,1,0,0,1
"ENSMUSG00000074913",0,0,0,0,0,0,0,0,0,0
"ENSMUSG00000118313",1,0,0,0,0,0,0,0,1,0
"ENSMUSG00000118209",0,0,1,2,1,0,1,0,2,0
"ENSMUSG00000118020",1,2,1,0,2,1,0,1,0,4
"ENSMUSG00000117692",0,0,0,0,0,1,1,2,2,0
"ENSMUSG00000120513",0,0,0,0,0,1,0,0,0,0
"ENSMUSG00000047298",2,2,4,0,3,5,7,1,6,5
"ENSMUSG00000117752",0,1,0,1,0,1,0,0,0,1
"ENSMUSG00000117705",0,0,1,0,0,1,0,0,0,0
"ENSMUSG00000118072",0,0,0,0,0,0,0,0,0,0
"ENSMUSG00000088266",0,0,0,0,0,0,0,0,0,0
"ENSMUSG00000117788",0,0,0,1,1,2,1,0,0,1
"ENSMUSG00000101084",0,0,0,0,0,0,1,0,0,0
"ENSMUSG00000117862",0,0,0,0,0,1,0,0,0,0
"ENSMUSG00000098069",0,0,0,0,0,0,0,1,0,0
"ENSMUSG00000118165",2,2,0,1,1,2,2,1,1,3
"ENSMUSG00000118038",2,0,0,0,2,1,2,0,2,6
"ENSMUSG00000118320",0,0,0,0,0,0,0,0,0,0
"ENSMUSG00000120326",2,1,0,4,0,0,2,3,4,2
"ENSMUSG00000050957",5,3,2,1,1,6,3,5,5,3
"ENSMUSG00000024806",0,1,0,0,0,0,0,0,0,0
"ENSMUSG00000117883",0,0,0,0,0,0,0,0,0,0
"ENSMUSG00000087937",0,0,0,0,0,0,0,0,0,0
"ENSMUSG00000024815",0,0,0,0,0,0,0,0,0,0
"ENSMUSG00000120593",3,4,3,3,2,5,2,5,4,2
"ENSMUSG00000120075",0,0,0,0,0,0,0,0,0,0
"ENSMUSG00000024863",0,1,0,0,0,0,1,0,0,0
"ENSMUSG00002075891",0,0,0,0,0,0,0,0,0,0
"ENSMUSG00002075253",0,0,0,0,0,0,0,0,0,0
"ENSMUSG00000118374",0,0,0,0,0,0,0,0,0,0
"ENSMUSG00000117953",0,0,0,0,0,0,0,0,0,0
"ENSMUSG00000058816",1,4,4,2,1,3,1,4,2,1
"ENSMUSG00000052595",0,4,2,0,0,0,1,0,0,0
"ENSMUSG00000114443",1,2,1,0,0,3,0,1,0,0
"ENSMUSG00000118366",0,0,0,0,0,0,0,0,1,1
"ENSMUSG00000118355",0,0,0,0,0,0,0,0,0,0
"ENSMUSG00000118329",0,0,0,0,0,0,0,0,0,0
"ENSMUSG00000118168",2,4,0,2,1,1,1,1,2,2
"ENSMUSG00000119982",0,1,0,0,0,0,0,0,0,1
"ENSMUSG00000120203",0,0,1,0,0,0,0,1,0,0
"ENSMUSG00000118196",0,0,1,0,1,0,2,2,1,0
"ENSMUSG00000087112",1,1,3,3,3,7,3,2,3,2
"ENSMUSG00000118289",0,0,0,0,0,0,0,0,0,0
"ENSMUSG00000086875",0,0,0,0,0,0,1,0,0,0
"ENSMUSG00000079344",5,9,1,0,0,27,14,1,0,0
"ENSMUSG00000118121",0,0,0,0,0,0,0,0,0,0
"ENSMUSG00000079342",1,0,0,0,0,0,1,0,0,0
"ENSMUSG00000085934",1,0,0,0,0,2,1,0,0,0
"ENSMUSG00000117821",0,0,0,0,0,0,0,0,0,0
"ENSMUSG00000024768",0,0,0,0,1,0,0,0,0,0
"ENSMUSG00000024771",0,0,0,0,0,0,0,0,0,0
"ENSMUSG00000118302",0,0,1,0,0,1,0,0,0,0
"ENSMUSG00000024770",0,0,0,0,1,0,0,0,1,0
"ENSMUSG00002075813",0,0,0,0,0,0,0,0,0,0
"ENSMUSG00000118066",0,0,0,0,0,0,0,0,0,0
"ENSMUSG00002076079",0,0,0,0,0,0,0,0,0,0
"ENSMUSG00000050370",1,2,5,3,5,0,4,1,3,6
"ENSMUSG00000097558",0,2,8,4,23,4,12,10,17,11
"ENSMUSG00000118048",0,0,0,0,0,0,0,0,0,0
"ENSMUSG00000074896",6,7,16,10,12,7,13,2,8,102
"ENSMUSG00000079339",4,3,15,11,13,14,14,14,11,16
"ENSMUSG00000062488",1,2,5,10,9,5,7,1,11,97
"ENSMUSG00000067297",6,5,7,5,4,3,5,10,5,4
"ENSMUSG00000118260",0,0,0,0,0,0,0,0,0,0
"ENSMUSG00000034459",0,1,3,1,3,3,0,1,3,9
"ENSMUSG00002074940",0,0,0,0,0,0,0,0,0,0
"ENSMUSG00000118083",0,0,0,0,0,0,0,0,0,1
"ENSMUSG00000088212",0,0,0,0,0,0,0,0,0,0
"ENSMUSG00000117945",0,0,0,0,0,0,0,0,0,0
"ENSMUSG00000101966",0,1,0,0,0,0,0,0,1,0
"ENSMUSG00000117865",0,0,0,1,1,0,0,0,0,0
"ENSMUSG00000117973",0,0,0,0,0,0,0,0,0,0
"ENSMUSG00000089087",0,0,0,0,0,0,0,0,0,0
"ENSMUSG00002075816",0,0,0,0,0,0,0,0,0,0
"ENSMUSG00002076303",0,0,0,0,0,0,0,0,0,0
"ENSMUSG00000118212",0,0,0,2,2,0,1,3,0,1
"ENSMUSG00000077205",0,0,0,0,0,0,0,0,0,0
"ENSMUSG00000094707",0,0,3,1,9,4,1,2,2,1
"ENSMUSG00000024803",0,0,0,0,2,0,2,1,3,1
"ENSMUSG00000120701",0,0,0,0,1,0,0,1,0,0
"ENSMUSG00000114859",0,1,0,0,2,0,0,0,0,1
"ENSMUSG00000120860",0,0,0,1,0,0,0,1,1,0
"ENSMUSG00000117938",0,0,0,0,0,0,0,0,0,0
"ENSMUSG00000089143",0,0,0,0,0,0,0,0,0,0
"ENSMUSG00000120174",2,2,1,9,7,0,3,6,3,0
"ENSMUSG00000121027",6,3,4,6,0,3,3,2,4,2
"ENSMUSG00000102353",1,0,0,0,0,3,5,0,3,2
"ENSMUSG00002075640",0,0,0,0,0,0,0,0,0,0
"ENSMUSG00000117800",0,0,0,0,0,0,0,0,0,0
"ENSMUSG00000024987",0,0,0,1,3,0,1,0,3,1
"ENSMUSG00000117989",0,0,0,0,0,0,0,0,0,0
"ENSMUSG00000118115",0,0,0,0,0,0,0,0,0,0
"ENSMUSG00000069554",0,1,1,0,1,2,0,0,3,0
"ENSMUSG00000054200",0,1,2,1,1,1,1,3,0,1
"ENSMUSG00000118381",0,0,0,0,0,0,0,0,0,0
"ENSMUSG00002075727",0,0,0,0,0,0,0,0,0,0
"ENSMUSG00000025002",0,0,1,1,0,0,2,1,0,0
"ENSMUSG00002075482",0,0,0,0,0,0,0,0,0,0
"ENSMUSG00000067231",0,0,0,0,0,2,2,1,3,0
"ENSMUSG00000093610",0,0,0,0,0,0,0,0,0,0
"ENSMUSG00000003053",0,0,0,0,0,0,0,0,0,0
"ENSMUSG00000118146",0,0,0,0,0,0,0,0,0,0
"ENSMUSG00000062624",0,0,0,0,0,1,0,1,0,0
"ENSMUSG00000074882",0,1,0,0,0,0,0,1,0,0
"ENSMUSG00000025004",0,0,0,0,1,0,0,1,0,0
"ENSMUSG00000092008",0,0,0,0,0,1,0,1,0,0
"ENSMUSG00000117738",0,0,0,0,0,0,0,0,0,0
"ENSMUSG00000042248",0,0,0,0,0,0,0,0,0,0
"ENSMUSG00000054827",0,0,0,0,0,0,0,0,0,0
"ENSMUSG00000060613",0,0,0,0,0,0,0,1,0,1
"ENSMUSG00000097740",4,1,1,2,3,0,0,1,1,0
"ENSMUSG00000120438",1,2,1,1,0,2,4,0,1,0
"ENSMUSG00000025014",0,0,0,0,1,2,0,1,2,2
"ENSMUSG00000044065",0,0,0,0,1,0,0,0,0,1
"ENSMUSG00000120900",2,3,7,4,10,7,4,8,1,5
"ENSMUSG00002075271",0,0,0,0,0,0,0,0,0,0
"ENSMUSG00000117675",0,0,1,0,0,0,0,0,0,0
"ENSMUSG00000117856",1311,978,825,846,389,1076,879,887,748,290
"ENSMUSG00000025185",2,6,8,7,6,5,7,4,9,5
"ENSMUSG00000077768",0,0,0,0,0,0,0,0,0,0
"ENSMUSG00000118221",0,0,0,0,0,0,0,0,0,0
"ENSMUSG00000118308",0,0,0,0,0,0,0,0,0,0
"ENSMUSG00000117991",0,0,0,0,0,0,0,0,0,0
"ENSMUSG00000092250",14,7,6,6,0,1,4,0,0,0
"ENSMUSG00002074883",0,0,0,0,0,0,0,0,0,0
"ENSMUSG00000118236",0,1,2,1,1,0,1,0,0,1
"ENSMUSG00000025194",1,3,6,9,10,1,6,11,10,1
"ENSMUSG00000025197",0,2,0,0,2,2,0,0,0,0
"ENSMUSG00000118217",5,5,7,6,8,48,4,6,8,28
"ENSMUSG00000117958",0,0,0,0,0,0,0,0,0,0
"ENSMUSG00000117957",1,0,0,0,1,1,0,0,1,0
"ENSMUSG00000050195",21,9,13,3,10,28,11,8,5,8
"ENSMUSG00000118076",0,0,0,0,0,0,1,0,0,0
"ENSMUSG00000117796",0,0,0,0,0,0,0,0,0,0
"ENSMUSG00000117911",0,0,0,0,2,1,0,0,0,0
"ENSMUSG00000117967",1,0,0,0,0,0,0,0,0,0
"ENSMUSG00000114673",0,0,0,0,0,0,0,0,0,0
"ENSMUSG00000117703",0,0,0,0,0,0,0,0,0,0
"ENSMUSG00000117691",0,0,1,0,0,0,0,0,1,0
"ENSMUSG00000118915",0,0,0,0,0,1,0,0,0,0
"ENSMUSG00000079258",0,0,0,0,0,0,0,0,0,0
"ENSMUSG00000094219",0,0,1,1,0,1,0,0,0,0
"ENSMUSG00000091230",0,0,1,0,1,2,3,0,5,0
"ENSMUSG00000117702",0,0,0,0,0,0,0,0,0,0
"ENSMUSG00000088525",0,0,0,0,0,0,0,0,0,0
"ENSMUSG00001118662",0,0,0,0,0,0,0,0,0,0
"ENSMUSG00000118149",0,0,0,0,0,0,0,0,0,0
"ENSMUSG00000117690",0,0,0,0,0,0,0,0,0,0
"ENSMUSG00000117930",2,1,0,2,4,3,1,0,2,0
"ENSMUSG00000118014",0,0,0,0,0,0,0,0,0,0
"ENSMUSG00000117996",0,0,0,0,0,0,0,0,0,0
"ENSMUSG00000118111",0,0,0,0,0,1,0,0,0,0
"ENSMUSG00000117931",0,0,0,0,0,0,0,0,0,0
"ENSMUSG00000118059",0,0,0,0,0,0,0,0,0,0
"ENSMUSG00002076593",0,0,0,0,0,0,0,0,0,0
"ENSMUSG00000117697",0,0,0,0,0,0,0,0,0,0
"ENSMUSG00000062083",2,1,2,0,1,1,5,4,1,1
"ENSMUSG00002076015",0,0,0,0,0,0,0,0,0,0
"ENSMUSG00000118338",0,0,1,0,0,0,0,0,0,0
"ENSMUSG00000065143",0,0,0,0,0,0,0,0,0,0
"ENSMUSG00000117806",0,0,0,0,0,0,0,0,0,0
"ENSMUSG00000118158",0,0,0,0,0,0,0,0,0,0
"ENSMUSG00000097719",3,1,1,1,0,0,1,1,2,0
"ENSMUSG00000117867",0,0,0,0,0,0,0,0,0,1
"ENSMUSG00000118173",0,0,0,0,0,0,0,0,3,0
"ENSMUSG00000035804",0,0,0,0,0,0,0,0,0,0
"ENSMUSG00000118114",0,0,0,0,0,0,0,0,0,0
"ENSMUSG00000118233",0,0,0,0,0,0,0,0,0,0
"ENSMUSG00000118003",0,0,0,0,0,0,0,0,0,0
"ENSMUSG00000118314",5,1,9,3,5,1,0,1,4,4
"ENSMUSG00000118350",0,0,0,0,0,0,0,0,0,0
"ENSMUSG00000117768",4,9,7,3,0,9,8,6,4,9
"ENSMUSG00000120446",0,0,0,0,0,0,1,0,0,0
"ENSMUSG00000118378",0,0,0,0,0,0,1,0,1,1
"ENSMUSG00000118159",3,3,7,7,5,3,3,7,5,9
"ENSMUSG00000120152",0,0,0,1,1,0,0,1,3,0
"ENSMUSG00000117693",0,0,0,0,0,0,0,0,0,0
"ENSMUSG00000117921",1,0,0,0,0,0,1,0,1,0
"ENSMUSG00000118324",0,0,0,0,0,0,0,0,0,0
"ENSMUSG00000117755",0,0,0,0,0,0,0,0,0,0
"ENSMUSG00000118207",0,0,0,0,0,0,0,0,0,0
"ENSMUSG00000024979",0,1,1,2,6,6,2,8,6,3
"ENSMUSG00000098289",0,0,0,0,0,0,0,0,0,0
"ENSMUSG00000120932",0,0,0,0,0,0,0,0,0,0
"ENSMUSG00000117833",0,0,0,0,0,1,1,0,1,0
"ENSMUSG00000117827",0,0,0,0,0,0,0,0,0,0
"ENSMUSG00000117695",0,0,0,0,1,1,0,0,0,0
"ENSMUSG00000077223",0,0,0,0,0,0,0,0,0,0
"ENSMUSG00000117890",0,0,0,0,0,0,0,0,0,0
"ENSMUSG00000117859",0,0,0,0,0,0,0,0,0,0
"ENSMUSG00000117696",1,1,0,1,5,0,0,0,1,5
"ENSMUSG00000120396",1,1,5,2,1,1,3,2,2,9
"ENSMUSG00000067063",0,1,2,0,0,0,1,0,0,1
"ENSMUSG00000025082",11,14,22,12,1,10,19,19,15,0
"ENSMUSG00000117927",0,2,0,0,0,0,0,5,1,1
"ENSMUSG00000117655",4,3,2,5,8,5,3,13,12,9
"ENSMUSG00000118178",1,0,0,0,1,0,0,0,0,0
"ENSMUSG00000118248",0,0,0,0,0,0,0,0,0,0
"ENSMUSG00000117770",0,0,1,0,1,3,0,0,0,0
"ENSMUSG00000117978",0,0,0,0,0,1,0,0,0,0
"ENSMUSG00000118253",0,0,0,0,0,0,0,0,0,0
"ENSMUSG00000100001",0,0,0,0,1,0,1,0,1,0
"ENSMUSG00000118223",0,0,0,0,0,0,0,0,0,0
"ENSMUSG00000101088",0,0,0,0,0,0,0,0,0,0
"ENSMUSG00000042179",1,2,0,1,0,1,2,3,0,0
"ENSMUSG00000025091",1,1,0,2,2,0,0,2,1,0
"ENSMUSG00000026931",0,0,0,0,2,1,0,1,1,0
"ENSMUSG00002076056",0,0,0,0,0,0,0,0,0,0
"ENSMUSG00000091410",0,3,1,1,0,0,0,0,2,1
"ENSMUSG00000117834",1,0,0,0,0,0,0,0,0,0
"ENSMUSG00000110210",3,2,0,0,0,1,0,0,0,1
"ENSMUSG00000100119",0,0,0,0,0,0,0,0,0,0
"ENSMUSG00000118118",0,0,0,0,0,0,0,0,0,0
"ENSMUSG00000118031",0,0,0,0,0,0,0,0,0,0
"ENSMUSG00000118190",0,0,0,0,0,0,0,0,0,0
"ENSMUSG00000090965",8,2,2,4,0,0,3,0,1,5
"ENSMUSG00000091378",1,1,1,2,1,2,0,3,5,0
"ENSMUSG00000118166",0,0,0,0,0,0,3,0,0,1
"ENSMUSG00000099678",0,0,0,0,0,0,0,0,0,0
"ENSMUSG00000045052",2,3,3,4,3,7,10,12,11,4
"ENSMUSG00000117790",1,0,1,0,1,0,0,0,0,0
"ENSMUSG00000095993",0,0,0,0,0,0,0,0,0,0
